arm,sequence_id,outage_duration_s,outage_start,n_samples,distance_travelled_m,FDE_m,mean_error_m,max_error_m,drift_percent,median_abs_v_lateral_mps,mean_abs_v_lateral_mps,max_abs_v_lateral_mps,mean_ai_innovation_mps,std_ai_innovation_mps,mean_nhc_innovation_mps,std_nhc_innovation_mps,nan_inf,update_failures,position_discontinuity
step14_baseline,S3a,10.0,6816,101,147.5568956475176,122.28185785394771,68.16282547575913,122.28185785394771,82.87098838542481,0.0,5.770961266615913e-17,4.440892098500626e-16,,,,,0,0,0
step14_baseline,S3a,10.0,15586,101,127.5368094996515,40.94742974573564,29.50092453644592,46.238092760830156,32.10636200354968,0.0,8.670182283892002e-17,8.881784197001252e-16,,,,,0,0,0
step14_baseline,S3a,10.0,23656,101,125.8852429138963,28.43895182289482,23.934635505521822,31.082800220848135,22.59117205846491,0.0,8.903768811350266e-17,4.440892098500626e-16,,,,,0,0,0
step14_baseline,S3a,20.0,10752,201,448.3821998223608,114.56638541390495,69.67378227035965,114.6616949355569,25.551055652809957,0.0,1.0218470624659401e-16,4.440892098500626e-16,,,,,0,0,0
step14_baseline,S3a,20.0,13976,201,242.94893140916602,92.11424778159994,32.97469174093145,92.19278335166535,37.91506603767043,0.0,1.1696006242008802e-16,8.881784197001252e-16,,,,,0,0,0
step14_baseline,S3a,20.0,15422,201,225.494159843533,158.5560262602916,82.01844434809333,158.5560262602916,70.31491475003664,0.0,3.707647787460877e-17,4.440892098500626e-16,,,,,0,0,0
step14_baseline,S3a,30.0,15224,301,266.91780873044297,131.5755578512288,56.34588413560557,131.5755578512288,49.29440957014051,0.0,6.952725586107708e-17,8.881784197001252e-16,,,,,0,0,0
step14_baseline,S3a,30.0,20529,301,241.34298136653996,196.2547313540167,62.56941045387269,196.2547313540167,81.31777035436328,0.0,2.6040447022769453e-16,1.7763568394002505e-15,,,,,0,0,0
step14_baseline,S3a,30.0,22962,301,160.76795330313882,74.65160370246511,73.86414123436569,94.49605543094161,46.434380838141585,0.0,6.344131569286608e-17,2.220446049250313e-16,,,,,0,0,0
step14_baseline,S3a,60.0,3813,601,453.4208896822768,183.784391807403,72.08266916771265,183.784391807403,40.532846189813895,0.0,3.061599319415307e-17,4.440892098500626e-16,,,,,0,0,0
step14_baseline,S3a,60.0,10503,601,1251.6466276381498,505.90316596803075,227.4109303194115,505.90316596803075,40.41900923127698,0.0,4.9137990773759e-16,1.7763568394002505e-15,,,,,0,0,0
step14_baseline,S3a,60.0,12638,601,564.5502494353611,159.4958854227262,77.73813332654055,168.54054269271447,28.251849252081122,0.0,7.459599586213744e-17,4.440892098500626e-16,,,,,0,0,0
step14_baseline,S3a,90.0,3502,901,874.7525358235698,367.065448949264,252.33068975421057,368.8845375741056,41.9622046140942,0.0,1.1476899711762206e-16,1.7763568394002505e-15,,,,,0,0,0
step14_baseline,S3a,90.0,3768,901,813.6049795836242,368.1760047255887,166.0016836723801,368.1760047255887,45.25242764787512,0.0,3.7799066195465775e-17,4.440892098500626e-16,,,,,0,0,0
step14_baseline,S3a,90.0,20301,901,662.7609667514613,725.1505558886539,315.0683895928114,725.1505558886539,109.41358834739418,0.0,1.2114184362759234e-17,1.1102230246251565e-16,,,,,0,0,0
step14_baseline,S3a,120.0,1806,1201,1130.2343279912257,260.4695394203473,127.88633635313808,263.71475475673697,23.045622750043513,0.0,4.3262645755584784e-17,2.220446049250313e-16,,,,,0,0,0
step14_baseline,S3a,120.0,12014,1201,1518.1108680198968,356.3283008901351,237.5845582748573,372.1445825264245,23.471823329669025,0.0,3.4916907001051904e-17,2.220446049250313e-16,,,,,0,0,0
step14_baseline,S3a,120.0,21140,1201,771.880606588523,1039.0697767932072,453.0420457997796,1039.0697767932072,134.6153495662469,0.0,1.4404704647145296e-16,1.7763568394002505e-15,,,,,0,0,0
step14_baseline,S3b,10.0,2240,101,19.912098461984073,42.31388915041447,12.606753903771494,42.31388915041447,212.50341460092523,0.0,7.172480431365492e-17,8.881784197001252e-16,,,,,0,0,0
step14_baseline,S3b,10.0,4371,101,57.19740509205566,52.12371500706635,24.08951504625421,52.12371500706635,91.1295100244084,0.0,5.911800202289277e-17,8.881784197001252e-16,,,,,0,0,0
step14_baseline,S3b,10.0,6121,101,43.34647007832551,63.855625424666265,35.29759627127482,63.855625424666265,147.3144763790026,0.0,1.0470172583717441e-16,8.881784197001252e-16,,,,,0,0,0
step14_baseline,S3b,20.0,3406,201,152.2614819506242,210.33723855894047,91.73297258707886,210.33723855894047,138.14211963807713,0.0,1.0682142359718376e-16,8.881784197001252e-16,,,,,0,0,0
step14_baseline,S3b,20.0,4160,201,59.34873267662174,101.85488925523624,39.75839552230831,101.85488925523624,171.6210012608378,0.0,4.446415596135577e-17,4.440892098500626e-16,,,,,0,0,0
step14_baseline,S3b,20.0,4347,201,128.0615699079348,147.4627244881941,54.96096619293567,147.4627244881941,115.14986470508448,0.0,1.1716719358139868e-16,1.7763568394002505e-15,,,,,0,0,0
step14_baseline,S3b,30.0,4288,301,181.92392836138183,146.93121456448273,58.89059658863805,146.93121456448273,80.76519448976057,0.0,9.646445694651095e-17,1.7763568394002505e-15,,,,,0,0,0
step14_baseline,S3b,30.0,5476,301,140.89419608288722,151.08852640739588,55.95136421434809,151.08852640739588,107.23545086166033,0.0,2.7277950339643606e-17,4.440892098500626e-16,,,,,0,0,0
step14_baseline,S3b,30.0,5925,301,85.00872753941798,85.40411396676157,22.979384227179047,85.40411396676157,100.46511274640626,0.0,3.25145387727314e-17,4.440892098500626e-16,,,,,0,0,0
step14_baseline,S3b,60.0,1087,601,334.0131365917619,544.0880250910294,341.8410332067511,544.0880250910294,162.89419950450198,0.0,1.6873613398096949e-16,8.881784197001252e-16,,,,,0,0,0
step14_baseline,S3b,60.0,3287,601,462.0847607125484,463.9936707485658,194.05012249321513,463.9936707485658,100.41310819968912,0.0,1.8132478556173213e-16,1.7763568394002505e-15,,,,,0,0,0
step14_baseline,S3b,60.0,3656,601,362.1757519274723,93.923482349427,56.11173800433898,114.96389863354888,25.933122758653294,0.0,7.26289626777383e-17,8.881784197001252e-16,,,,,0,0,0
step14_baseline,S3b,90.0,4857,901,468.2285516036919,317.2155611951535,162.538056038039,330.09746337826965,67.74801752449397,0.0,1.1037154049261536e-16,1.7763568394002505e-15,,,,,0,0,0
step14_baseline,S3b,120.0,3548,1201,773.7916980065062,547.4245178712287,139.60999149977795,547.4245178712287,70.74572126859725,0.0,9.938805032840252e-17,1.7763568394002505e-15,,,,,0,0,0
step14_baseline,S3b,120.0,4785,1201,625.6424527601616,517.5192078735613,287.7611488275742,518.3539604558993,82.71804536127776,0.0,1.9295593909449036e-17,2.220446049250313e-16,,,,,0,0,0
step14_baseline,S3c,10.0,9293,101,69.14933197888789,40.93013076620674,18.20479796293845,40.93013076620674,59.19092722212152,0.0,7.03507659168416e-17,4.440892098500626e-16,,,,,0,0,0
step14_baseline,S3c,10.0,22765,101,145.93886165743413,65.62088109533872,34.28100808876023,65.62088109533872,44.96463817113513,0.0,1.3520537824642995e-16,8.881784197001252e-16,,,,,0,0,0
step14_baseline,S3c,10.0,34914,101,51.37645645437878,45.01988394499913,27.714018568713694,45.01988394499913,87.62746022582512,0.0,2.940442169180489e-17,1.1102230246251565e-16,,,,,0,0,0
step14_baseline,S3c,20.0,15506,201,321.7406054102215,81.30199151521832,54.92920445259413,81.30199151521832,25.269422058666706,0.0,3.1318231590172325e-16,1.7763568394002505e-15,,,,,0,0,0
step14_baseline,S3c,20.0,19383,201,167.04280256325032,90.46605847086201,42.39330045702451,90.46605847086201,54.15741180264697,0.0,1.146125759252338e-16,8.881784197001252e-16,,,,,0,0,0
step14_baseline,S3c,20.0,22544,201,312.34622077289214,182.64799846367166,102.91675093021385,182.64799846367166,58.47613523599363,0.0,1.8262064055556834e-16,1.7763568394002505e-15,,,,,0,0,0
step14_baseline,S3c,30.0,21785,301,445.3917837580293,290.95059742847747,159.57136149918418,290.95059742847747,65.3246440636058,0.0,1.3149319211922536e-16,8.881784197001252e-16,,,,,0,0,0
step14_baseline,S3c,30.0,30111,301,558.3546562046365,432.9080828467821,208.98833906760336,432.9080828467821,77.53281503720848,0.0,2.2647074322918474e-16,8.881784197001252e-16,,,,,0,0,0
step14_baseline,S3c,30.0,34291,301,464.6484977828588,217.75043062433448,109.86132408117297,217.75043062433448,46.86347457559077,0.0,2.8069093745506447e-16,1.7763568394002505e-15,,,,,0,0,0
step14_baseline,S3c,60.0,5821,601,301.19647881517255,83.38718284212435,52.93507279048766,87.0739899057696,27.685311319092282,0.0,5.571897168095888e-17,4.440892098500626e-16,,,,,0,0,0
step14_baseline,S3c,60.0,15356,601,694.945617411612,127.3280618313341,91.01435576337927,159.9590182346283,18.322018103456646,0.0,2.232684364621597e-16,1.7763568394002505e-15,,,,,0,0,0
step14_baseline,S3c,60.0,18718,601,456.36951998041746,197.0013112203343,48.101308852943596,197.0013112203343,43.16706147000954,0.0,1.6720309736503243e-16,1.7763568394002505e-15,,,,,0,0,0
step14_baseline,S3c,90.0,5052,901,766.4273054975679,275.2705667025308,120.70667166111502,275.2705667025308,35.91606989051936,0.0,1.543345547550509e-17,1.1102230246251565e-16,,,,,0,0,0
step14_baseline,S3c,90.0,5780,901,477.84660853892706,62.73757481475638,43.93092916651819,76.38653139298981,13.129228855800399,0.0,1.643077707434636e-17,1.1102230246251565e-16,,,,,0,0,0
step14_baseline,S3c,90.0,30615,901,1109.28521475983,802.5065357946082,509.30594725329826,807.027349399684,72.34447237885145,0.0,1.1867741959956758e-16,1.7763568394002505e-15,,,,,0,0,1
step14_baseline,S3c,120.0,2653,1201,1493.7259414312634,314.8934943383559,397.7413667066382,598.8076159334023,21.081075557717778,0.0,3.0588945256397445e-17,2.220446049250313e-16,,,,,0,0,0
step14_baseline,S3c,120.0,17856,1201,948.2656066040565,969.3739675735603,308.20030720523175,969.3739675735603,102.22599668515844,0.0,1.958836460600089e-16,1.7763568394002505e-15,,,,,0,0,0
step14_baseline,S3c,120.0,31336,1201,1830.4689915905915,1818.1311637660312,1019.5221880868302,1818.1311637660312,99.32597449717849,0.0,2.2131662771279792e-16,1.7763568394002505e-15,,,,,0,0,0
step14_baseline,V-Vfa02,10.0,17616,101,278.96199760848936,78.51160881357815,37.42122625233494,78.51160881357815,28.144195082717204,0.0,5.27630744376312e-16,1.7763568394002505e-15,,,,,0,0,0
step14_baseline,V-Vfa02,10.0,41491,101,272.2708841712515,40.87267394358784,17.504118250986483,40.87267394358784,15.011768176387147,0.0,4.1331074976144444e-16,1.7763568394002505e-15,,,,,0,0,0
step14_baseline,V-Vfa02,10.0,64535,101,158.39008360661248,51.697100432119704,22.104481569561127,51.697100432119704,32.639101675404035,0.0,4.484861327198652e-16,1.7763568394002505e-15,,,,,0,0,0
step14_baseline,V-Vfa02,20.0,30091,201,584.5152322097101,73.37840560621727,33.12520180524292,73.37840560621727,12.553719999531312,0.0,2.9164067512541426e-16,8.881784197001252e-16,,,,,0,0,0
step14_baseline,V-Vfa02,20.0,38131,201,492.2899094121181,209.627364392417,96.4125366920623,209.627364392417,42.582096521691746,0.0,3.999012287704544e-16,1.7763568394002505e-15,,,,,0,0,0
step14_baseline,V-Vfa02,20.0,40832,201,570.1211446378163,212.1888795041402,107.44307753444366,212.1888795041402,37.21820905957426,0.0,3.755978391766699e-16,1.7763568394002505e-15,,,,,0,0,0
step14_baseline,V-Vfa02,30.0,40371,301,798.4038369371099,278.7503048991674,120.28868174469571,278.7503048991674,34.913447556630985,0.0,2.699944365533603e-16,8.881784197001252e-16,,,,,0,0,0
step14_baseline,V-Vfa02,30.0,56062,301,821.6942053012996,215.0340709465626,84.1125718659146,215.0340709465626,26.169598076660854,0.0,4.80973695718008e-16,1.7763568394002505e-15,,,,,0,0,0
step14_baseline,V-Vfa02,30.0,63626,301,410.0348510248193,164.3083147357549,71.74613935792534,164.3083147357549,40.07179251351231,0.0,9.147352495250459e-17,4.440892098500626e-16,,,,,0,0,0
step14_baseline,V-Vfa02,60.0,10933,601,1741.8077113801614,472.8523916990833,278.6865310304232,472.8523916990833,27.14722116624503,0.0,3.5246348269297813e-16,1.7763568394002505e-15,,,,,0,0,0
step14_baseline,V-Vfa02,60.0,29722,601,1672.4005713617348,177.4865593981916,73.84809590162827,177.4865593981916,10.612682298576052,0.0,3.753699144822493e-16,1.7763568394002505e-15,,,,,0,0,0
step14_baseline,V-Vfa02,60.0,36114,601,1453.4032015035928,333.2848703414811,148.6830493635067,333.2848703414811,22.93134279576976,0.0,2.1428597480285883e-17,1.1102230246251565e-16,,,,,0,0,0
step14_baseline,V-Vfa02,90.0,9770,901,2578.8218171733233,958.9757333609331,381.37418043846975,958.9757333609331,37.1865836939474,0.0,2.8538030244526776e-16,8.881784197001252e-16,,,,,0,0,0
step14_baseline,V-Vfa02,90.0,10933,901,2604.875087517933,760.07641442886,381.4653602834309,760.07641442886,29.178996646365192,0.0,3.484695575627017e-16,1.7763568394002505e-15,,,,,0,0,0
step14_baseline,V-Vfa02,90.0,56686,901,2466.426566978511,1795.0990194695432,811.4595407619349,1795.0990194695432,72.78136894497631,0.0,4.751409526031746e-16,1.7763568394002505e-15,,,,,0,0,0
step14_baseline,V-Vfa02,120.0,5049,1201,3276.60013216947,1104.5559767209393,514.8460858284973,1104.5559767209393,33.71042947463967,0.0,4.3558458718016136e-16,1.7763568394002505e-15,,,,,0,0,0
step14_baseline,V-Vfa02,120.0,35460,1201,2820.513469983461,487.32986599455114,172.5166860017366,487.32986599455114,17.278054906697847,0.0,8.227298017621893e-17,2.220446049250313e-16,,,,,0,0,0
step14_baseline,V-Vfa02,120.0,58848,1201,1772.9246360698812,800.6342320011448,507.7590208480302,827.1671247416263,45.15895462854785,0.0,2.863839242538497e-16,1.7763568394002505e-15,,,,,0,0,0
step14_baseline,Vw03,10.0,1034,101,149.6278512518481,15.93986484358934,7.714661203664825,15.93986484358934,10.65300658281856,0.0,1.934646062713144e-16,8.881784197001252e-16,,,,,0,0,0
step14_baseline,Vw03,10.0,2222,101,173.3688360469557,9.855737128319413,10.80972975843007,14.456177506241145,5.684837801904639,0.0,3.6054767532381324e-16,1.7763568394002505e-15,,,,,0,0,0
step14_baseline,Vw03,10.0,3374,101,111.11717974206556,25.690310899008608,8.257059227653638,25.690310899008608,23.120017047447654,0.0,3.07784600886182e-16,8.881784197001252e-16,,,,,0,0,0
step14_baseline,Vw03,20.0,1445,201,354.2612445512965,84.34065137120051,29.864742063441323,84.34065137120051,23.80747334584269,0.0,3.844354353925915e-16,1.7763568394002505e-15,,,,,0,0,0
step14_baseline,Vw03,20.0,2050,201,309.8917693716153,518.90952008384,252.83034471099327,518.90952008384,167.44862928630263,0.0,2.651278864776493e-16,1.7763568394002505e-15,,,,,0,0,0
step14_baseline,Vw03,20.0,2146,201,345.6913427079053,38.394065042315326,25.204605498840696,38.394065042315326,11.10645836299022,0.0,4.72811397551808e-16,1.7763568394002505e-15,,,,,0,0,0
step14_baseline,Vw03,30.0,2067,301,498.3315638853748,494.6549896285698,240.83051122445573,494.6549896285698,99.26222328199731,0.0,8.040817919212097e-17,4.440892098500626e-16,,,,,0,0,0
step14_baseline,Vw03,30.0,2586,301,382.51816987099073,141.05420434075444,48.500071862707145,141.05420434075444,36.87516448913441,0.0,2.9950202524771664e-16,1.7763568394002505e-15,,,,,0,0,0
step14_baseline,Vw03,30.0,3154,301,400.332270454483,446.1447508243005,170.0125544636181,446.1447508243005,111.44361415526363,0.0,2.950758869435632e-16,1.7763568394002505e-15,,,,,0,0,0
step14_baseline,Vw03,60.0,728,601,818.5946827201888,70.89874623706568,34.32014168612858,70.89874623706568,8.661031855407279,0.0,1.9655196309503603e-16,8.881784197001252e-16,,,,,0,0,0
step14_baseline,Vw03,60.0,1275,601,874.280643510556,1207.766277682801,567.2198538476795,1207.766277682801,138.1440029180079,0.0,3.5537296898879283e-16,1.7763568394002505e-15,,,,,0,0,0
step14_baseline,Vw03,60.0,1467,601,811.4888508944994,93.19731545674446,93.92956941886504,153.8326283795162,11.484731472775456,0.0,3.590675547612559e-16,1.7763568394002505e-15,,,,,0,0,0
step14_baseline,Vw03,90.0,689,901,1275.458106563678,476.98158845896234,100.90596270210234,476.98158845896234,37.39688399049339,0.0,2.400349003296121e-16,1.7763568394002505e-15,,,,,0,0,0
step14_baseline,Vw03,90.0,723,901,1284.4023915633334,480.26050784308393,94.29854786204108,480.26050784308393,37.391748177806356,0.0,1.929644013943391e-16,8.881784197001252e-16,,,,,0,0,0
step14_baseline,Vw03,90.0,2367,901,1384.3716015120017,131.4697419779849,87.29277001624173,185.1772431037617,9.496708964153449,0.0,3.5623249325097977e-16,1.7763568394002505e-15,,,,,0,0,0
step14_baseline,Vw03,120.0,235,1201,1604.2791517525388,2304.012110467632,1016.0471778466168,2304.012110467632,143.61665848182932,0.0,3.6865690443006863e-16,1.7763568394002505e-15,,,,,0,0,0
step14_baseline,Vw03,120.0,1276,1201,1732.9995193851303,1282.1948302276808,918.8478337925119,1323.4338024860117,73.98702745645333,0.0,3.8578170170832096e-16,1.7763568394002505e-15,,,,,0,0,0
step14_baseline,Vw03,120.0,2187,1201,1889.1636567527114,140.72654054424882,88.30003385317765,207.78365898571656,7.449145024637202,0.0,3.877923054373465e-16,1.7763568394002505e-15,,,,,0,0,0
step14_baseline,Vw16a,10.0,1896,101,135.26747058878297,10.49082473666211,5.378991141182753,10.49082473666211,7.755615367832612,0.0,2.726092179277612e-16,8.881784197001252e-16,,,,,0,0,0
step14_baseline,Vw16a,10.0,3491,101,172.8447074808776,57.535081380717514,27.24826176928237,57.535081380717514,33.28715250774041,0.0,8.57399959611507e-17,4.440892098500626e-16,,,,,0,0,0
step14_baseline,Vw16a,10.0,5049,101,175.50875102194533,54.08727590168534,28.11728119341679,54.08727590168534,30.817423967037605,0.0,2.726092179277612e-16,8.881784197001252e-16,,,,,0,0,0
step14_baseline,Vw16a,20.0,2549,201,442.7609822829923,195.2279301238971,106.19715720297351,195.2279301238971,44.093300434299884,0.0,3.048970694492967e-16,8.881784197001252e-16,,,,,0,0,0
step14_baseline,Vw16a,20.0,3271,201,300.84824900441026,88.41710166036364,46.26670314789056,88.41710166036364,29.389269159106025,0.0,3.5460854816385596e-16,8.881784197001252e-16,,,,,0,0,0
step14_baseline,Vw16a,20.0,3420,201,347.9547278723919,122.72533825922048,51.46562407160597,122.72533825922048,35.270490218551785,0.0,1.5907673188658958e-16,8.881784197001252e-16,,,,,0,0,0
step14_baseline,Vw16a,30.0,3389,301,536.0020119907151,212.07411255805084,83.29941979102703,212.07411255805084,39.5659172566174,0.0,2.744205748575138e-16,8.881784197001252e-16,,,,,0,0,0
step14_baseline,Vw16a,30.0,4526,301,326.3913747375771,140.80378414344332,90.79630705091917,159.4493382952527,43.139554241177905,0.0,4.839244545874437e-16,1.7763568394002505e-15,,,,,0,0,0
step14_baseline,Vw16a,30.0,4930,301,538.7039727868723,214.22908566046132,101.45343169853281,214.22908566046132,39.76749689670784,0.0,4.1900775945985973e-16,1.7763568394002505e-15,,,,,0,0,0
step14_baseline,Vw16a,60.0,1216,601,670.9333218021945,79.8349907937244,48.63668722305107,95.71325298314497,11.899094619310242,0.0,2.4273428525082456e-16,1.7763568394002505e-15,,,,,0,0,0
step14_baseline,Vw16a,60.0,2479,601,1229.1526166396688,368.23386110057197,233.23033344276237,382.61009619015823,29.958351478539075,0.0,3.029560333419728e-16,1.7763568394002505e-15,,,,,0,0,0
step14_baseline,Vw16a,60.0,3117,601,859.5324195358427,271.215449124023,94.42171831706875,271.215449124023,31.553835894925577,0.0,2.277712128723491e-16,1.7763568394002505e-15,,,,,0,0,0
step14_baseline,Vw16a,90.0,1114,901,1068.9424165964756,87.1587463812288,50.63542897317477,96.26412545228605,8.153736349872167,0.0,2.636933709986498e-16,8.881784197001252e-16,,,,,0,0,0
step14_baseline,Vw16a,90.0,1168,901,1078.6415608709838,78.1598983509116,54.18300292501209,95.19441694412686,7.246141923902773,0.0,2.7576904873597116e-16,1.7763568394002505e-15,,,,,0,0,0
step14_baseline,Vw16a,90.0,4228,901,1481.2630414037278,174.59201435555715,100.53175471813582,176.0060326151046,11.78669888300892,0.0,4.1993785437541994e-16,1.7763568394002505e-15,,,,,0,0,0
step14_baseline,Vw16a,120.0,872,1201,1361.453430351938,175.52203108447338,125.41025775471573,193.89768695519447,12.892253761415889,0.0,2.593909914319891e-16,8.881784197001252e-16,,,,,0,0,0
step14_baseline,Vw16a,120.0,2463,1201,2047.6476324035782,474.8665071071476,290.2471630675835,474.8665071071476,23.190831253995484,0.0,2.696057827909466e-16,1.7763568394002505e-15,,,,,0,0,0
step14_baseline,Vw16a,120.0,3776,1201,2190.4770927804175,1306.921564022807,665.570689479538,1306.921564022807,59.66378595468006,0.0,4.2985321103305393e-17,2.220446049250313e-16,,,,,0,0,0
step14_baseline,Vw16b,10.0,198,101,233.10091688945496,20.955835033743224,11.448179141432146,21.050030333968262,8.990026857629758,0.0,5.100430528971016e-16,1.7763568394002505e-15,,,,,0,0,0
step14_baseline,Vw16b,10.0,607,101,136.42467650997932,24.603496502686657,12.89480572136365,24.603496502686657,18.03449136336192,0.0,1.890676834015118e-16,8.881784197001252e-16,,,,,0,0,0
step14_baseline,Vw16b,10.0,713,101,167.440322200507,28.62203967480561,10.442476078228582,28.62203967480561,17.09387517812537,0.0,2.0225845201091961e-16,8.881784197001252e-16,,,,,0,0,0
step14_baseline,Vw16b,20.0,211,201,432.7942336588973,4.4261531301628425,11.764626646399513,22.41622319617218,1.0226922601864592,0.0,4.860677918756904e-16,1.7763568394002505e-15,,,,,0,0,0
step14_baseline,Vw16b,20.0,236,201,416.6176659418768,32.96508531746006,9.273376676542773,32.96508531746006,7.912551005952563,0.0,5.435121672791811e-16,1.7763568394002505e-15,,,,,0,0,0
step14_baseline,Vw16b,20.0,244,201,410.495714327909,33.05338475254828,10.734985543290598,33.05338475254828,8.052065733905527,0.0,5.611873597110244e-16,1.7763568394002505e-15,,,,,0,0,0
step14_baseline,Vw16b,30.0,228,301,550.2701161781483,80.85645027055959,21.52804217645803,80.85645027055959,14.6939562758997,0.0,4.072047239821172e-16,1.7763568394002505e-15,,,,,0,0,0
step14_baseline,Vw16b,30.0,269,301,459.9952452789188,101.08863497410059,34.26339277076306,101.08863497410059,21.976017363571955,0.0,4.122763407889597e-16,1.7763568394002505e-15,,,,,0,0,0
step14_baseline,Vw16b,30.0,289,301,425.36064169021176,115.80987749006678,42.89768800255553,115.80987749006678,27.22627957064504,0.0,4.335771313776982e-16,1.7763568394002505e-15,,,,,0,0,0
step14_baseline,Vw16b,60.0,136,601,978.6908287988056,73.67759145380312,43.05770999246295,89.48523518164652,7.528178387472086,0.0,3.48999808531294e-16,1.7763568394002505e-15,,,,,0,0,0
step14_baseline,Vw16b,60.0,166,601,959.4032955111443,70.76956312211493,46.76484003356919,96.05769523828741,7.376414428971792,0.0,3.731069806966156e-16,1.7763568394002505e-15,,,,,0,0,0
step14_baseline,Vw16b,60.0,177,601,952.6829500225869,68.60256041558505,48.33751000593055,97.83277729442143,7.200985428988581,0.0,3.386087860462416e-16,1.7763568394002505e-15,,,,,0,0,0
15c_no_nhc,S3a,10.0,6816,101,147.5568956475176,119.49161211072673,65.2283770620044,119.49161211072673,80.98002576319244,0.022243468257257426,0.022234458003426903,0.023166479657437344,-0.7067666444141724,3.2061811832625025,,,0,0,0
15c_no_nhc,S3a,10.0,15586,101,127.5368094996515,40.36924624569421,28.815260052312944,44.58132317492467,31.653015630600763,0.19141580474523806,0.21506455272023195,0.5944516407819309,-0.714855453214947,3.723566322659141,,,0,0,0
15c_no_nhc,S3a,10.0,23656,101,125.8852429138963,11.224490827316236,13.199888632987243,17.101006769561774,8.916446890437847,5.569239932338515,5.493841656074126,5.6836968374526275,0.869174601347433,5.045767165001317,,,0,0,0
15c_no_nhc,S3a,20.0,10752,201,448.3821998223608,111.60317767041012,66.43087605882337,111.70080906091212,24.890189154392132,0.05822741899409101,0.060069562070575795,0.0783564498719187,-0.557527978199585,4.099718488386342,,,0,0,0
15c_no_nhc,S3a,20.0,13976,201,242.94893140916602,101.38267250922245,35.65606959483298,101.38267250922245,41.73003434144656,3.8730427568810653,6.954040826297559,12.023706288593523,0.004693087027651188,2.957665726091735,,,0,0,0
15c_no_nhc,S3a,20.0,15422,201,225.494159843533,156.05554416274956,79.34465558161939,156.05554416274956,69.206024790635,0.11300370561651607,0.12293704521192104,0.16576893517206104,-0.45021400613412976,3.3949074721690287,,,0,0,0
15c_no_nhc,S3a,30.0,15224,301,266.91780873044297,151.41996413127913,64.82245334548041,151.41996413127913,56.72906009961902,0.6893751515858002,0.9970967641628131,2.0433229303141256,-0.25759938945283367,3.4054026487025326,,,0,0,0
15c_no_nhc,S3a,30.0,20529,301,241.34298136653996,205.76937248834938,63.98585463567212,205.76937248834938,85.26014360278283,0.1323358632266478,1.5607742551782098,12.407200415596016,0.15092611954639418,3.9561090195510897,,,0,0,0
15c_no_nhc,S3a,30.0,22962,301,160.76795330313882,125.20926261471995,97.70793242191856,131.70660770277607,77.88197836830668,4.012515049758666,3.9150181130607855,4.377215122518706,0.5365667463898226,2.045306238816846,,,0,0,0
15c_no_nhc,S3a,60.0,3813,601,453.4208896822768,744.0644073574132,147.3031281456852,744.0644073574132,164.10016042242725,0.3122268794168575,2.537561116069972,16.503705782856063,-0.5308888545413643,2.826965154002326,,,0,0,0
15c_no_nhc,S3a,60.0,10503,601,1251.6466276381498,589.9334880826666,205.8449989322221,589.9334880826666,47.132591184771364,16.31214286488769,13.358453077416359,32.48570444487942,-0.09932953219331819,3.1960420127612035,,,0,0,0
15c_no_nhc,S3a,60.0,12638,601,564.5502494353611,1670.6654511292652,607.6234272461325,1670.6654511292652,295.9285648709203,31.464057577425123,25.593279616933657,43.07592817482072,-0.08760730951577554,3.4830071181969964,,,0,0,0
15c_no_nhc,S3a,90.0,3502,901,874.7525358235698,1575.7474019612202,450.5474339221904,1575.7474019612202,180.1363628489138,18.68089064802622,12.973904046977136,33.67025205204134,-0.29845743618375264,2.962146438098172,,,0,0,0
15c_no_nhc,S3a,90.0,3768,901,813.6049795836242,2519.8418106280983,670.6265721862578,2519.8418106280983,309.71317455771583,7.765345219007765,14.428361962598718,44.58479018230225,-0.26104171160316003,2.6376376562378674,,,0,0,3
15c_no_nhc,S3a,90.0,20301,901,662.7609667514613,3933.1905627432398,1537.661011254835,3933.1905627432398,593.4553723074349,34.37086915531984,32.88871233961206,54.041593287886236,-0.01101656697304999,3.361605953762331,,,0,0,9
15c_no_nhc,S3a,120.0,1806,1201,1130.2343279912257,5406.48081743468,1942.7368494391865,5406.48081743468,478.35043437794536,44.05896763090209,38.82255742977351,65.30963315563136,-0.01179463414975205,2.5093125169332504,,,0,0,47
15c_no_nhc,S3a,120.0,12014,1201,1518.1108680198968,5112.627042137128,1641.176598290826,5112.627042137128,336.775603800639,31.68814731789216,35.699357388779056,74.13128074370945,-0.12916895183969512,2.7071332423096455,,,0,0,38
15c_no_nhc,S3a,120.0,21140,1201,771.880606588523,5057.407406071586,1540.8274512226424,5057.407406071586,655.2059169388624,22.948172141404317,28.340120881931977,70.40615721868134,0.13411469297234088,2.2565715156252173,,,0,0,27
15c_no_nhc,S3b,10.0,2240,101,19.912098461984073,65.66671970147146,24.972451495430544,67.64181180719454,329.78302024189736,3.679749439657475,3.987828059866487,5.57436977271931,0.404670556984933,3.797987853152423,,,0,0,0
15c_no_nhc,S3b,10.0,4371,101,57.19740509205566,38.255414970221025,19.015241801002936,38.255414970221025,66.8831302900041,0.9275000723250231,1.1124252861430424,2.612104292033173,0.10000344592867233,4.096150234513944,,,0,0,0
15c_no_nhc,S3b,10.0,6121,101,43.34647007832551,55.96425048916185,30.975861932657285,55.96425048916185,129.10913019684526,0.3515311784959678,0.7794691216007194,1.9658185692529793,0.31490976600784404,2.7717628747813836,,,0,0,0
15c_no_nhc,S3b,20.0,3406,201,152.2614819506242,181.0785924340296,89.1631183071693,192.3141255887028,118.92606725892128,0.11607236131982113,0.48026065939306484,6.503279364105064,-0.1632403921340702,3.105247420324313,,,0,0,0
15c_no_nhc,S3b,20.0,4160,201,59.34873267662174,104.13487726295523,41.14766468377244,104.13487726295523,175.46268061082856,1.179608028820889,1.1687801491932803,1.2640829123324213,0.509066203281469,3.390913839419196,,,0,0,0
15c_no_nhc,S3b,20.0,4347,201,128.0615699079348,114.31971836887769,36.47672608987942,114.31971836887769,89.26934009247559,1.8415817558981638,3.646760522657968,10.397535346494099,0.6346331790241868,4.360497963126728,,,0,0,0
15c_no_nhc,S3b,30.0,4288,301,181.92392836138183,431.5629578147124,134.5134082365182,431.5629578147124,237.22165726183994,0.5998845802330264,4.970118330453849,16.01828884267619,0.1884579909387438,4.137399986633621,,,0,0,0
15c_no_nhc,S3b,30.0,5476,301,140.89419608288722,470.7270282625748,115.24100952546789,470.7270282625748,334.09965871528794,2.5805893760135046,4.307466743044382,19.978306367451456,-0.1730516297822476,4.61500385194926,,,0,0,0
15c_no_nhc,S3b,30.0,5925,301,85.00872753941798,136.7113730377529,31.576738828884142,136.7113730377529,160.82039691084748,0.08366305775030264,1.8335110530220604,9.74528653311039,0.16159329763646715,3.91776076491708,,,0,0,0
15c_no_nhc,S3b,60.0,1087,601,334.0131365917619,1646.944530051381,668.2826045326655,1646.944530051381,493.07777138846853,26.147230335791388,20.012035009672545,35.63612758966298,0.12763111983555112,2.2172287364134378,,,0,0,0
15c_no_nhc,S3b,60.0,3287,601,462.0847607125484,1958.8829759940709,749.250369376694,1958.8829759940709,423.9228692531247,23.750260812714757,21.80476507480396,36.77842042132565,0.08873163834009572,2.674132864023704,,,0,0,0
15c_no_nhc,S3b,60.0,3656,601,362.1757519274723,764.4195544426693,259.32025182235105,764.4195544426693,211.06315107361152,2.4709919053048095,7.3837733994576675,16.700983895932897,0.3539226093382819,2.909870829807823,,,0,0,0
15c_no_nhc,S3b,90.0,4857,901,468.2285516036919,4036.99955240835,1336.4940389457995,4036.99955240835,862.1856865801002,27.234028654781024,31.858739992333646,66.80610801261702,0.16190313851882543,3.614934158835281,,,0,0,10
15c_no_nhc,S3b,120.0,3548,1201,773.7916980065062,4347.7893082060455,1236.7494332733586,4347.7893082060455,561.8811004831289,21.194006201748472,23.3534971241723,65.58648883342579,-0.09222952637947555,2.7571984500095392,,,0,0,23
15c_no_nhc,S3b,120.0,4785,1201,625.6424527601616,7479.770042026571,2517.8811786726633,7479.770042026571,1195.5342878393071,48.91697593720079,45.95130187904992,95.80948612023158,0.006804543688583906,3.189507373113407,,,0,0,83
15c_no_nhc,S3c,10.0,9293,101,69.14933197888789,36.413368404300655,15.754558793621168,36.413368404300655,52.65903134887563,0.5509292629259712,0.5574988937912041,0.5787369049568357,-0.4770608406823894,2.040947916892317,,,0,0,0
15c_no_nhc,S3c,10.0,22765,101,145.93886165743413,62.62564718469152,31.4111279219563,62.62564718469152,42.91224864539114,0.02727820357056676,0.028791413903887526,0.03737708070549761,-0.9636689029492366,3.785615775504918,,,0,0,0
15c_no_nhc,S3c,10.0,34914,101,51.37645645437878,30.455831821169102,13.611278737528975,30.455831821169102,59.2797439196945,4.913428642861819,4.912868595968142,5.15726309024177,-0.28522022901750244,0.7064531157807139,,,0,0,0
15c_no_nhc,S3c,20.0,15506,201,321.7406054102215,162.70487689112957,70.50012451577763,162.70487689112957,50.57020287622065,0.898712525531769,3.1837505276896874,17.938285708085434,0.2647529376649175,4.394716076798825,,,0,0,0
15c_no_nhc,S3c,20.0,19383,201,167.04280256325032,94.15454723713458,43.665001036950805,94.15454723713458,56.36552176588585,0.09829677334354914,0.10229246164256957,0.17158430541597092,0.053877318950011396,3.199271201411502,,,0,0,0
15c_no_nhc,S3c,20.0,22544,201,312.34622077289214,176.40414802018603,99.838497803573,176.40414802018603,56.47711939132121,0.04071026700452807,0.3477861065593766,2.295731213238062,-0.9763309625841631,4.129122269537476,,,0,0,0
15c_no_nhc,S3c,30.0,21785,301,445.3917837580293,290.5201471962658,154.3211684076908,290.5201471962658,65.22799876211872,0.2933727901666572,1.5156731265376044,7.449727789266657,-0.24542014607716064,2.8194390432936505,,,0,0,0
15c_no_nhc,S3c,30.0,30111,301,558.3546562046365,391.961782185474,198.25356670186812,391.961782185474,70.19942931071759,0.8996257101591953,0.9834429971500931,2.8353157421332345,-0.5963627540096604,2.1368446863670556,,,0,0,0
15c_no_nhc,S3c,30.0,34291,301,464.6484977828588,481.02878054114404,175.97788109330727,481.02878054114404,103.52530629851302,2.5969483806192395,5.398877997247207,18.132736379123703,-0.25758171555971127,3.959705531016378,,,0,0,0
15c_no_nhc,S3c,60.0,5821,601,301.19647881517255,36.16102834753678,37.56553500035952,65.79071561462939,12.005793855819537,0.4657658858232169,0.6699239425596946,2.5641598712503564,-0.050165688291040865,1.6415609331414542,,,0,0,0
15c_no_nhc,S3c,60.0,15356,601,694.945617411612,1854.4971666698425,552.1189194331232,1854.4971666698425,266.8550056588723,5.460742704243368,18.81540137491734,48.12300164081389,-0.02926702437500161,3.3268117201369516,,,0,0,0
15c_no_nhc,S3c,60.0,18718,601,456.36951998041746,1195.449467773633,314.409049032893,1195.449467773633,261.9477014645783,10.101068265170506,12.73504803385705,34.17833617352364,0.1861851036954856,2.1437888033629364,,,0,0,0
15c_no_nhc,S3c,90.0,5052,901,766.4273054975679,1012.6572739418909,315.0473614645876,1012.6572739418909,132.12698277816048,11.547650358219032,9.63511006206678,23.053761923675857,0.09752090950079649,2.5572496764989476,,,0,0,0
15c_no_nhc,S3c,90.0,5780,901,477.84660853892706,724.7844235937943,153.46932591261327,724.7844235937943,151.67721411896363,0.1124150186890776,2.7987945111884898,12.659556754234682,-0.023323196715978923,1.6902781403122253,,,0,0,3
15c_no_nhc,S3c,90.0,30615,901,1109.28521475983,3852.2710809653286,1458.1249678404668,3852.2710809653286,347.27507675286006,39.76765140326481,39.92555988623224,60.73122486170214,-0.0356017835091149,2.6860575266420303,,,0,0,4
15c_no_nhc,S3c,120.0,2653,1201,1493.7259414312634,4475.694630689564,1340.8416086526297,4475.694630689564,299.63291836526776,23.61877041805844,27.90025546957654,63.42235538769078,-0.22490352041276596,2.096449315617409,,,0,0,7
15c_no_nhc,S3c,120.0,17856,1201,948.2656066040565,5518.1066167805575,2077.683627620205,5518.1066167805575,581.915718375792,41.29640959284573,37.80053270148155,56.94179717009031,-0.05532113060901904,2.2931735869626406,,,0,0,53
15c_no_nhc,S3c,120.0,31336,1201,1830.4689915905915,5934.203232216828,2250.8422843562767,5934.203232216828,324.1903173164537,45.61156601208319,39.83217055087612,80.40068381574775,0.20986363024028645,3.4380773473314883,,,0,0,51
15c_no_nhc,V-Vfa02,10.0,17616,101,278.96199760848936,81.95251987178617,38.905001271351665,81.95251987178617,29.37766454727029,0.2743601089185752,0.6792759491587177,2.4008540212184872,-1.0322516421612127,2.539476864022114,,,0,0,0
15c_no_nhc,V-Vfa02,10.0,41491,101,272.2708841712515,42.32169079817488,18.36368139175921,42.32169079817488,15.543964947627526,0.18327827024479149,0.2540175629437727,0.393188834310517,-0.9745364198394434,1.9617570794536177,,,0,0,0
15c_no_nhc,V-Vfa02,10.0,64535,101,158.39008360661248,55.33779748572625,24.154516481368173,55.33779748572625,34.93766543060023,0.026395608992418218,0.028312648222490116,0.06230973302467735,0.33939773229973524,2.0042356101930676,,,0,0,0
15c_no_nhc,V-Vfa02,20.0,30091,201,584.5152322097101,74.04907203207974,33.658945848265084,74.04907203207974,12.668458912891545,0.08731710140141846,0.08501288610529122,0.10069642409890278,-0.15591281248629715,1.4326082861274936,,,0,0,0
15c_no_nhc,V-Vfa02,20.0,38131,201,492.2899094121181,207.72959195181514,95.43629433932601,207.72959195181514,42.196597569891544,0.10458120142290994,0.15482717858411535,0.7668741865878799,-0.8233561722678617,2.942325931688112,,,0,0,0
15c_no_nhc,V-Vfa02,20.0,40832,201,570.1211446378163,212.7186818182715,107.72443158499975,212.7186818182715,37.311137083576575,0.01348304157896063,0.017838369920429607,0.04851947621407415,-0.48004399614237486,2.4686387271741292,,,0,0,0
15c_no_nhc,V-Vfa02,30.0,40371,301,798.4038369371099,323.5296073752035,128.1928111452262,323.5296073752035,40.52205067254554,4.428835781971221,4.089272645250293,22.90282412997959,-1.0651036335441764,2.1709227815352605,,,0,0,0
15c_no_nhc,V-Vfa02,30.0,56062,301,821.6942053012996,216.37289648619014,86.0699237387226,216.37289648619014,26.332532843754247,0.03384980658947079,0.06635506410652008,0.19028758892965314,-0.9650249058679479,2.3732200065286984,,,0,0,0
15c_no_nhc,V-Vfa02,30.0,63626,301,410.0348510248193,167.33059351456032,75.1160084992799,167.33059351456032,40.808871025558716,0.04196947981125754,0.12020513161003747,0.5854118448154544,-0.01130393740695569,1.9755827449288044,,,0,0,0
15c_no_nhc,V-Vfa02,60.0,10933,601,1741.8077113801614,606.8248825143394,287.39620022029305,606.8248825143394,34.83879871179969,9.422286721266175,7.538321325412165,24.735360684894662,-0.7242319451469621,2.7261329935397587,,,0,0,0
15c_no_nhc,V-Vfa02,60.0,29722,601,1672.4005713617348,151.50412368493747,68.51878400050212,152.18760685468075,9.059081076585427,0.36980891064214116,0.7346209783138536,8.868367567853019,-0.1287207045283142,1.511051238497018,,,0,0,0
15c_no_nhc,V-Vfa02,60.0,36114,601,1453.4032015035928,327.6677983431001,142.49999059802792,327.6677983431001,22.544865595735388,0.015636082429410003,1.9463296332540265,21.098251893293465,-0.187441890642402,1.9223929564170414,,,0,0,0
15c_no_nhc,V-Vfa02,90.0,9770,901,2578.8218171733233,442.3606120976429,279.2592773239339,464.31375287960486,17.153593519017125,1.9315112140903334,8.118193253412036,31.64673906933082,-0.7129960656800509,2.2635482459403904,,,0,0,0
15c_no_nhc,V-Vfa02,90.0,10933,901,2604.875087517933,1529.7538148232502,526.2238924966099,1529.7538148232502,58.726570888314,10.30606319446299,14.900352342975193,36.926698943779435,-0.5333533628033937,2.834411117518724,,,0,0,0
15c_no_nhc,V-Vfa02,90.0,56686,901,2466.426566978511,3223.7689193882566,1300.2639663918442,3223.7689193882566,130.7060571982699,22.738422044650335,15.596262616807655,31.17843829722316,-0.2689175702700474,1.6858598301923096,,,0,0,0
15c_no_nhc,V-Vfa02,120.0,5049,1201,3276.60013216947,3798.722389943283,1166.9956518306853,3798.722389943283,115.93487873749521,34.55394369126048,28.503988629015588,59.02692816670291,-0.08501253517039753,1.7994245883348419,,,0,0,0
15c_no_nhc,V-Vfa02,120.0,35460,1201,2820.513469983461,1246.8175497657005,355.79379200855414,1246.8175497657005,44.20533931266819,13.622067421706909,12.546909200440728,33.65398514619106,-0.0018768000784985172,1.6749595710282204,,,0,0,0
15c_no_nhc,V-Vfa02,120.0,58848,1201,1772.9246360698812,4045.7606924004745,1550.7747023331947,4045.7606924004745,228.1969921388699,29.363078149166306,26.467073177222993,50.029517700561016,0.33446065919251416,2.2005519043484663,,,0,0,18
15c_no_nhc,Vw03,10.0,1034,101,149.6278512518481,16.21833863348544,7.280623855692443,16.21833863348544,10.83911751575402,0.007547612105930135,0.007835915253361735,0.009375516828999508,0.256659116529734,1.6763601690229302,,,0,0,0
15c_no_nhc,Vw03,10.0,2222,101,173.3688360469557,10.681131946410755,10.672120038127714,14.67661971350652,6.1609296053172145,0.15598874846307975,0.15677055885627625,0.17166726736825844,-0.48923134578617744,1.693486329473078,,,0,0,0
15c_no_nhc,Vw03,10.0,3374,101,111.11717974206556,27.3669705758344,8.14474945580281,27.3669705758344,24.628928343358687,0.04486838264136139,0.049807818367040624,0.09695998072094003,-0.06765761989270289,1.8671715575210757,,,0,0,0
15c_no_nhc,Vw03,20.0,1445,201,354.2612445512965,78.28348946051018,27.87496143220527,78.28348946051018,22.097672456286663,0.4303372429620147,0.4310118019842532,0.49241005479925093,0.15031723291433222,1.672513860616777,,,0,0,0
15c_no_nhc,Vw03,20.0,2050,201,309.8917693716153,560.6574974556902,271.17143929352386,560.6574974556902,180.92042218241758,3.376799868794101,3.3226519312015004,3.685669148364072,-0.11276874103302575,1.9712903162844808,,,0,0,0
15c_no_nhc,Vw03,20.0,2146,201,345.6913427079053,37.588806736967676,24.237496016418667,37.588806736967676,10.873516947958006,0.08399728095984571,0.08508827147397979,0.1342714436634811,-0.22174922387174234,1.763210587780196,,,0,0,0
15c_no_nhc,Vw03,30.0,2067,301,498.3315638853748,634.7761469673736,313.6124343486576,634.7761469673736,127.3802811160851,2.721094515174494,3.0789498834839,9.765372763925516,-0.13343561559751688,2.0828850428169283,,,0,0,0
15c_no_nhc,Vw03,30.0,2586,301,382.51816987099073,134.532564631325,48.96727898374634,134.532564631325,35.17024163236425,0.00019036215189949246,0.0015971698048671194,0.04138513400071897,-0.18914827381152702,1.7385813012868112,,,0,0,0
15c_no_nhc,Vw03,30.0,3154,301,400.332270454483,449.87615493004677,171.89430766817554,449.87615493004677,112.37569092776816,0.0770477847406763,0.0812668323870197,0.211847516182174,-0.21353293091974776,1.858519217476019,,,0,0,0
15c_no_nhc,Vw03,60.0,728,601,818.5946827201888,211.55139602349044,78.94623793941194,211.55139602349044,25.843240921197474,0.5161344946031967,3.956319018468446,12.61661126664418,-0.021045302216818385,1.389246227323212,,,0,0,0
15c_no_nhc,Vw03,60.0,1275,601,874.280643510556,1078.9571151866808,542.6335797602304,1120.7907117134096,123.41084332535077,0.8210512049232976,1.5661494022569047,17.887259136318516,0.3487138850615918,2.2166749171049607,,,0,0,0
15c_no_nhc,Vw03,60.0,1467,601,811.4888508944994,718.5476136718804,206.60056507360355,718.5476136718804,88.54682512025022,0.16029741495880412,6.085380940947199,19.40314109866394,-0.0676033188699451,1.4553365425591032,,,0,0,0
15c_no_nhc,Vw03,90.0,689,901,1275.458106563678,1559.9787125551245,387.02261736078975,1559.9787125551245,122.30732664030792,9.28231113632205,9.55092841120924,23.539966295601392,-0.05451020443084834,1.2375545346262995,,,0,0,4
15c_no_nhc,Vw03,90.0,723,901,1284.4023915633334,1512.1898969949473,354.96747192897215,1512.1898969949473,117.73490200017132,6.538588339616975,8.78885352416928,21.686795473828983,-0.036834129125953054,1.2447356426402945,,,0,0,3
15c_no_nhc,Vw03,90.0,2367,901,1384.3716015120017,1461.486335736803,521.9452034641929,1461.486335736803,105.57037822363426,12.071520418789051,11.774707970658906,28.328906575700408,-0.16212476122381497,1.8836347171483068,,,0,0,0
15c_no_nhc,Vw03,120.0,235,1201,1604.2791517525388,4793.423356455911,1844.51545090712,4793.423356455911,298.7898553203476,21.592853570329527,20.119561247466052,38.83156461076263,0.046451969378194666,1.427829274909316,,,0,0,0
15c_no_nhc,Vw03,120.0,1276,1201,1732.9995193851303,3514.23550165966,1541.068061669529,3514.23550165966,202.78340890172396,18.163536200029768,14.234529283237881,36.30668110660823,0.15881738528223166,1.4487919731240873,,,0,0,8
15c_no_nhc,Vw03,120.0,2187,1201,1889.1636567527114,2220.543679388399,794.5464610220669,2220.543679388399,117.54109663560317,16.851092883327606,14.350030957708276,33.25471835817708,0.026074701753576058,1.5709461137545555,,,0,0,2
15c_no_nhc,Vw16a,10.0,1896,101,135.26747058878297,10.055695210698032,4.922352676281533,10.055695210698032,7.433934534983385,0.010607018654168243,0.010526344043433992,0.011243702433731073,-0.20522660796633546,1.4615936054436958,,,0,0,0
15c_no_nhc,Vw16a,10.0,3491,101,172.8447074808776,57.06119353884393,26.30422072138744,57.06119353884393,33.012982792751586,0.04510579185566033,0.04523731206696306,0.051895096126779006,-0.8758893258911619,1.5440254329420735,,,0,0,0
15c_no_nhc,Vw16a,10.0,5049,101,175.50875102194533,50.85739947831355,25.137662447717737,50.85739947831355,28.977130303864122,0.056693049967182496,0.05505915603452381,0.05901500928637926,-0.3129163467922049,1.5433389917044378,,,0,0,0
15c_no_nhc,Vw16a,20.0,2549,201,442.7609822829923,192.42237399320305,103.39377216396541,192.42237399320305,43.459650170848974,0.007886439600640394,0.007822067368996904,0.008452208517723214,-0.31553445688835957,1.896302808251038,,,0,0,0
15c_no_nhc,Vw16a,20.0,3271,201,300.84824900441026,118.80250060833983,56.60581743190564,118.80250060833983,39.48917801632219,2.6472817246198312,2.706289120606229,3.411167933146862,-0.19321906429601418,2.559739143697621,,,0,0,0
15c_no_nhc,Vw16a,20.0,3420,201,347.9547278723919,124.92289285212784,51.70005835474308,124.92289285212784,35.90205358495424,0.00817650881663834,0.00800339557384948,0.01209261253936722,-0.6354256044268279,1.5536536576220483,,,0,0,0
15c_no_nhc,Vw16a,30.0,3389,301,536.0020119907151,215.64193157016712,85.12656216884426,215.64193157016712,40.23155263340739,0.012410505875640077,0.01190936400118878,0.015065972579286324,-0.4072845886400457,1.5947384386833856,,,0,0,0
15c_no_nhc,Vw16a,30.0,4526,301,326.3913747375771,223.48664631970033,108.19020501639463,223.48664631970033,68.47198290683585,0.025992807557718933,4.097603356611058,11.773428899217869,-0.3393789644068415,2.02460990430529,,,0,0,0
15c_no_nhc,Vw16a,30.0,4930,301,538.7039727868723,219.56181999478173,103.6146090511429,219.56181999478173,40.75741614804223,0.002941615209603121,0.0033296454605521233,0.02445074762630206,-0.3292143551440438,1.5778332895391072,,,0,0,0
15c_no_nhc,Vw16a,60.0,1216,601,670.9333218021945,596.344561068464,168.5641203981852,596.344561068464,88.88283555012924,0.033759993340904515,5.518661770575233,16.684639625469234,0.04762141820155818,1.6326181646165758,,,0,0,0
15c_no_nhc,Vw16a,60.0,2479,601,1229.1526166396688,450.6896480071581,240.78064849240883,450.6896480071581,36.666695567819765,0.0066515903021713285,1.7161442119136316,11.575809464491794,0.04442531031868595,2.0636344198742433,,,0,0,0
15c_no_nhc,Vw16a,60.0,3117,601,859.5324195358427,394.9950110157629,216.32097581755338,397.14803036471966,45.95463789824992,8.127702462776115,7.535790529969068,12.751613010808512,-0.2675543417396372,1.93299334320248,,,0,0,0
15c_no_nhc,Vw16a,90.0,1114,901,1068.9424165964756,1187.8764923336037,352.1034341246166,1187.8764923336037,111.12633139919879,0.0038840731582032717,7.666952155793928,20.133098637861487,0.07875225140424416,1.6056701195797995,,,0,0,0
15c_no_nhc,Vw16a,90.0,1168,901,1078.6415608709838,1264.3106550355128,377.9622539332264,1264.3106550355128,117.21323383966444,9.198424105362673,8.237632686325986,23.987349440341333,0.04082332957293677,1.613274075432256,,,0,0,0
15c_no_nhc,Vw16a,90.0,4228,901,1481.2630414037278,737.3952466635707,245.01879224253935,737.3952466635707,49.78151928807821,0.19172081461554846,9.573499598329011,26.9192592449998,-0.04325055733349711,1.649132808812365,,,0,0,0
15c_no_nhc,Vw16a,120.0,872,1201,1361.453430351938,1886.328217910055,521.0777017379274,1886.328217910055,138.55253333361802,0.11740343318823232,8.901717000894367,29.502560633557813,-0.04908250930783389,1.4577993108552851,,,0,0,0
15c_no_nhc,Vw16a,120.0,2463,1201,2047.6476324035782,1743.8083245192677,663.3953196042823,1743.8083245192677,85.16154327160007,10.55068306587943,15.302031846257787,35.46250669319876,-0.10867426587160608,1.6037986704775564,,,0,0,0
15c_no_nhc,Vw16a,120.0,3776,1201,2190.4770927804175,771.3773758666894,412.481824765381,771.3773758666894,35.21503960982145,5.455451291537352,10.537824143129232,33.51757034588636,0.09913646092398375,2.0449183387635568,,,0,0,0
15c_no_nhc,Vw16b,10.0,198,101,233.10091688945496,19.02123311347686,9.557521224827784,19.025050010841507,8.160085068433013,0.004747853209240205,0.0051225743526124145,0.009976724927971858,-0.32813035636688126,2.983519254257299,,,0,0,0
15c_no_nhc,Vw16b,10.0,607,101,136.42467650997932,25.42442178990394,13.355020629830728,25.42442178990394,18.636233884010103,0.013427422914133569,0.015498280445374442,0.05546537928740891,-0.05387885080481158,1.819839352752125,,,0,0,0
15c_no_nhc,Vw16b,10.0,713,101,167.440322200507,29.391913761484773,11.10080284485231,29.391913761484773,17.55366531502994,0.03579127461314702,0.035646562308590604,0.038040949925330914,-0.1381660251378677,1.1562928604859561,,,0,0,0
15c_no_nhc,Vw16b,20.0,211,201,432.7942336588973,4.370567780585668,11.679084795061232,22.22367031297381,1.0098488936962802,0.015802813903466273,0.016180066268122247,0.03207581032913076,-0.031642893299264445,2.8119877186412117,,,0,0,0
15c_no_nhc,Vw16b,20.0,236,201,416.6176659418768,29.97840214415587,9.932673972947853,29.97840214415587,7.19566273705211,0.01895880293500607,0.017568563789768114,0.05934276194371613,0.03350538931440899,2.661996643315747,,,0,0,0
15c_no_nhc,Vw16b,20.0,244,201,410.495714327909,31.819540799047882,10.878207485203324,31.819540799047882,7.751491596238698,0.01468134200089466,0.02844824379800263,1.066804660828427,-0.009002468002633879,2.6244890005744854,,,0,0,0
15c_no_nhc,Vw16b,30.0,228,301,550.2701161781483,163.59005819526385,31.000392786412384,163.59005819526385,29.729046405693243,0.019577546323553463,2.8800332830139586,18.720750257082216,-0.031077251857487748,2.6167976682739433,,,0,0,0
15c_no_nhc,Vw16b,30.0,269,301,459.9952452789188,264.68087068488285,56.21200138787815,264.68087068488285,57.539914466810025,0.05091631504018146,5.698836294492468,25.30802910604977,-0.11656653116098091,2.4503172406586815,,,0,0,0
15c_no_nhc,Vw16b,30.0,289,301,425.36064169021176,277.43395681179584,65.04564240676086,277.43395681179584,65.2232316815644,0.04776093276725035,5.39161911349519,22.207852583190956,-0.12214551883250567,2.4234219302547984,,,0,0,0
15c_no_nhc,Vw16b,60.0,136,601,978.6908287988056,660.8792128297409,178.59957818047266,660.8792128297409,67.52686276225454,0.20058995742843777,10.977480439320088,27.12657567740541,-0.13035678116368535,2.3631048545260667,,,0,0,0
15c_no_nhc,Vw16b,60.0,166,601,959.4032955111443,718.0131648962699,212.52983928911786,718.0131648962699,74.83955582138499,13.267032301278128,12.76738296450242,28.0111529041895,-0.10083488959833461,2.252467139555371,,,0,0,0
15c_no_nhc,Vw16b,60.0,177,601,952.6829500225869,700.787451318619,212.5802676391125,700.787451318619,73.55935689853631,10.984742798124177,12.351887191392745,26.91345153813624,-0.11904743440789232,2.2617111212253938,,,0,0,0
15c_with_nhc,S3a,10.0,6816,101,147.5568956475176,119.48821500507844,65.2265834673423,119.48821500507844,80.97772352876729,1.8562380355025e-07,0.00011933833018472409,0.004443982610590869,-0.719058905248916,3.217122069085749,-0.0003266099446487357,0.002118094493105647,0,0,0
15c_with_nhc,S3a,10.0,15586,101,127.5368094996515,40.75206057539301,28.919083871833333,44.61788841559835,31.95317550695383,1.3392057714334271e-05,0.0008582559765032448,0.033372480592063214,-0.7198351815652628,3.729335711943953,0.0025525016609493786,0.017214642642713763,0,0,0
15c_with_nhc,S3a,10.0,23656,101,125.8852429138963,73.91153861575232,40.85915019557585,73.91153861575232,58.71342573990722,0.00018338598624456637,0.034865182530623526,1.2850873980561341,0.8533350265101138,5.10499752939734,0.09147294212421919,0.5797718683890951,0,0,0
15c_with_nhc,S3a,20.0,10752,201,448.3821998223608,111.8009911715398,66.52367850338179,111.89168480604087,24.934306316315165,5.53154544391532e-09,9.779570835938637e-05,0.008768395865778933,-0.558304796975362,4.097977545560582,0.00037318213027261453,0.004028126534389115,0,0,0
15c_with_nhc,S3a,20.0,13976,201,242.94893140916602,94.68624347779767,35.64306651256155,94.7485421409829,38.97372296663056,1.3997748231631135e-06,0.006555781107044334,0.5198263706601227,-0.04569908277374623,3.0137136622648004,0.02109542884987462,0.20829022640312517,0,0,0
15c_with_nhc,S3a,20.0,15422,201,225.494159843533,156.07619684696314,79.42236863737186,156.07619684696314,69.21518364611397,1.599552859055109e-07,0.000279588192181298,0.020487094162712993,-0.4609137300225109,3.3968179204194886,-0.0007617727241631576,0.006971456530667293,0,0,0
15c_with_nhc,S3a,30.0,15224,301,266.91780873044297,132.03180351894346,56.78490655294564,132.03180351894346,49.465340715531184,1.905363422594064e-09,0.0005903514571289916,0.06806512195742398,-0.2673710922273776,3.409289611256358,-0.0021457532877051,0.027049587300670114,0,0,0
15c_with_nhc,S3a,30.0,20529,301,241.34298136653996,197.67538608343,63.8410259764285,197.67538608343,81.90641590824232,1.226618806526858e-10,2.0291232613409233e-05,0.00267256256215731,0.13836767448380216,3.9599659135846648,-7.282534141878828e-05,0.0009419518258090194,0,0,0
15c_with_nhc,S3a,30.0,22962,301,160.76795330313882,86.93212335758378,72.56860985316092,95.08672692958844,54.07304227706836,9.254675781278365e-08,0.007192614903032357,0.8041175986263795,0.1583092463262579,1.869065234372782,-0.01911994928172696,0.21345625800717263,0,0,0
15c_with_nhc,S3a,60.0,3813,601,453.4208896822768,183.64879148680424,72.18592331237024,183.64879148680424,40.50294013041425,6.661338147750939e-16,3.1817259345355586e-05,0.007294924702521577,-0.44481844544381566,2.980087808240823,9.086838054989616e-05,0.0014858253625633755,0,0,0
15c_with_nhc,S3a,60.0,10503,601,1251.6466276381498,502.81055708962117,225.0857635164329,502.81055708962117,40.171926004260634,1.5987211554602254e-14,3.9743983760515475e-05,0.009849786431983532,-0.25317630594761936,3.8533116625211905,0.00014866320363497105,0.002691868925478488,0,0,0
15c_with_nhc,S3a,60.0,12638,601,564.5502494353611,160.99067221818729,78.35663454928472,169.99101582088858,28.516624052367924,5.10702591327572e-15,0.00016732093059404433,0.03670691153877392,-0.20153760159968961,4.026389062371839,-0.0005043386671904345,0.008272364851574636,0,0,0
15c_with_nhc,S3a,90.0,3502,901,874.7525358235698,374.2983329719331,258.151966240258,376.5865186646973,42.78905377731033,4.440892098500626e-16,7.735405598057652e-05,0.029551986577592615,-0.3811520006581268,3.2643097542658563,0.00028795109117151846,0.007098399586994543,0,0,0
15c_with_nhc,S3a,90.0,3768,901,813.6049795836242,365.8904382893808,163.4889586041821,365.8904382893808,44.9715092054416,2.220446049250313e-16,0.00015890198750214416,0.05430323362396405,-0.38822985689619044,3.0569325668687917,0.0004584082656668771,0.009212813471169035,0,0,0
15c_with_nhc,S3a,90.0,20301,901,662.7609667514613,727.3233405402528,316.5891090015595,727.3233405402528,109.74142670248756,2.7755575615628914e-17,2.248843466660448e-05,0.009124429430166392,0.010859204373677865,3.97386977370047,0.0001046091486375236,0.0024804088400314016,0,0,0
15c_with_nhc,S3a,120.0,1806,1201,1130.2343279912257,265.85109039468495,129.62058007969938,268.9434904780735,23.52176746101706,2.220446049250313e-16,0.00010271409406099327,0.054279142591817875,-0.10188804226136451,3.1772725802299235,0.0006326505732090486,0.019334977585687464,0,0,0
15c_with_nhc,S3a,120.0,12014,1201,1518.1108680198968,352.27280936259325,234.26422261005038,368.1423508230529,23.204682660764423,2.220446049250313e-16,2.2818056832839884e-05,0.009751184365281884,-0.2719854990740861,3.8010665090987907,-6.605546404759826e-05,0.0015047876588129077,0,0,0
15c_with_nhc,S3a,120.0,21140,1201,771.880606588523,1138.2745220103493,496.70486887997316,1138.2745220103493,147.46769283933375,8.881784197001252e-16,0.00019948778661205656,0.08361218429700212,0.1812525907492946,3.0429520744222316,-0.0005450601537051907,0.01208083044833565,0,0,0
15c_with_nhc,S3b,10.0,2240,101,19.912098461984073,48.69036084011992,14.329147132738317,48.69036084011992,244.5265170473064,0.0002675411993574017,0.022253545839248854,0.823928842581419,0.4636342901351678,3.8828792032720316,0.05876978521402545,0.37505330149314464,0,0,0
15c_with_nhc,S3b,10.0,4371,101,57.19740509205566,54.234917618317006,24.364558975805938,54.234917618317006,94.8205911282676,2.8307101122670986e-05,0.005104784055800049,0.189277447373553,0.13139307439133005,4.12274865350124,0.014114443786464904,0.09181565710140435,0,0,0
15c_with_nhc,S3b,10.0,6121,101,43.34647007832551,61.17448499286562,32.38778765632481,61.17448499286562,141.12910435919127,5.123663381345622e-06,0.00022690381995045403,0.0077429539653750545,0.3332775470337539,2.7951893537339685,-0.0006796740373668019,0.004447202410933759,0,0,0
15c_with_nhc,S3b,20.0,3406,201,152.2614819506242,211.04185352620792,92.0023655426132,211.04185352620792,138.60488603062802,5.929798641002293e-08,0.00017611765032537436,0.01300385675924609,-0.14902437591877327,3.1560771227276456,-0.000474700616307384,0.004341609607226368,0,0,0
15c_with_nhc,S3b,20.0,4160,201,59.34873267662174,101.11288014476668,39.020128056334144,101.11288014476668,170.37074859830395,1.2041933546980133e-06,0.0025171697684312194,0.190227658646257,0.5829544882360307,3.401830289585535,-0.007873463447338934,0.07720724084246401,0,0,0
15c_with_nhc,S3b,20.0,4347,201,128.0615699079348,150.40272250994278,55.82611918975305,150.40272250994278,117.4456338603918,1.8604106735153891e-06,0.0030224652882306306,0.22484919506596124,0.5568680982068176,4.408949303114698,0.008391171237069962,0.07788382750598206,0,0,0
15c_with_nhc,S3b,30.0,4288,301,181.92392836138183,144.63648916957732,57.86852002951658,144.63648916957732,79.50382914020246,3.1753853990679204e-08,0.0010381293618603696,0.11505685062545878,0.36013410127724443,4.381467150531724,-0.00281703891078288,0.03172080893150522,0,0,0
15c_with_nhc,S3b,30.0,5476,301,140.89419608288722,151.88838293590692,55.96689274561352,151.88838293590692,107.80315098753385,1.8359702647074982e-10,2.1152890229222347e-05,0.0023738847065004898,0.34457722195720397,4.92516354490267,-5.7185254146008934e-05,0.0006445768865365339,0,0,0
15c_with_nhc,S3b,30.0,5925,301,85.00872753941798,82.28241179353908,21.813900623633465,82.28241179353908,96.79289900602885,1.32124311491566e-11,4.33622843998676e-05,0.005868807871727277,0.07031737101883473,3.9579421986057373,-0.00016739523593751926,0.0022409052128992755,0,0,0
15c_with_nhc,S3b,60.0,1087,601,334.0131365917619,559.136889519925,351.76976200582544,559.136889519925,167.39967033192298,1.0524914273446484e-13,0.0017600612440087638,0.44602781653424595,0.05206415754987989,2.8887265759641374,0.006667982263782038,0.12220459781584606,0,0,0
15c_with_nhc,S3b,60.0,3287,601,462.0847607125484,441.4720321745362,184.46847679789482,441.4720321745362,95.53918884790168,9.769962616701378e-15,0.0003793802605091023,0.1065996736618482,-0.02374855682465737,3.1091032923547925,0.0020511402678207676,0.041509368835780366,0,0,0
15c_with_nhc,S3b,60.0,3656,601,362.1757519274723,95.03311436053085,54.50982073941088,114.71357682556479,26.239502190517094,7.549516567451064e-15,0.0001295808119711626,0.029640706940626593,0.10124325399114045,2.8498090521757335,0.0004203729483122385,0.007220970750295051,0,0,0
15c_with_nhc,S3b,90.0,4857,901,468.2285516036919,311.20612037484983,170.2022278261881,322.42899742813864,66.46457575236768,4.440892098500626e-16,0.0007011985745312857,0.23172082687674145,0.16236770601982756,4.913133938325584,0.002672965109881767,0.05886475221470641,0,0,0
15c_with_nhc,S3b,120.0,3548,1201,773.7916980065062,545.8266919359626,138.3218331658935,545.8266919359626,70.53922823702526,2.220446049250313e-16,1.0780197318857046e-05,0.005702273161042548,0.06118375289308595,3.8171704982281445,4.244329578879436e-05,0.0011354203686894948,0,0,0
15c_with_nhc,S3b,120.0,4785,1201,625.6424527601616,521.0230044320091,288.46853968191897,521.2042362570257,83.27807714028988,2.7755575615628914e-17,0.00040032342164685096,0.17349878527481194,0.06136280871321608,4.605337873635778,0.0010566572454390225,0.02332206094624652,0,0,0
15c_with_nhc,S3c,10.0,9293,101,69.14933197888789,40.86390167422321,18.1669611581346,40.86390167422321,59.09515031424952,6.1596893037307865e-06,0.0028749385175907134,0.11061788241602954,-0.47749462453251973,2.0393508222094594,0.008292658508570906,0.05543029086063046,0,0,0
15c_with_nhc,S3c,10.0,22765,101,145.93886165743413,62.62454083412929,31.411472515493134,62.62454083412929,42.911490553578126,5.523371409132949e-07,6.763626841905613e-05,0.0028645418720816274,-0.9697304143380934,3.789885497791052,0.00025269242400006927,0.0019043921438038043,0,0,0
15c_with_nhc,S3c,10.0,34914,101,51.37645645437878,51.991664918499126,31.067335859064706,51.991664918499126,101.19745211440699,6.550755219825177e-06,0.025694125045117738,0.9739376632495491,-0.30240947382884387,0.7053541205611628,0.07250426603494312,0.4783249385810696,0,0,0
15c_with_nhc,S3c,20.0,15506,201,321.7406054102215,79.2540905984508,54.478842922640084,79.2540905984508,24.63291523225714,2.5879325171729306e-06,0.0013654428449650145,0.10988378763517215,0.13478767365918737,4.534608860907952,-0.004723280408269255,0.04790750653133669,0,0,0
15c_with_nhc,S3c,20.0,19383,201,167.04280256325032,90.30558411191257,43.062367887476626,90.30558411191257,54.06134399458402,1.4138349158088204e-08,0.00026892265112339684,0.01990294883941024,0.05067358721519189,3.530746927098702,-0.0007390989419753573,0.00680200993911454,0,0,0
15c_with_nhc,S3c,20.0,22544,201,312.34622077289214,179.9770160889101,100.37807480526648,179.9770160889101,57.62100006959005,1.697366922570609e-07,0.00010689836802253239,0.007359819811235457,-0.9846587230342275,4.123749567097627,-0.00028339664028916484,0.002513544765011503,0,0,0
15c_with_nhc,S3c,30.0,21785,301,445.3917837580293,286.04072304025846,154.66282695933194,286.04072304025846,64.22227204704286,5.581893169903651e-09,0.0003116533134194015,0.03473864652439351,-0.4725291774723607,2.881741119494858,0.0008951097751846679,0.010291659168667297,0,0,0
15c_with_nhc,S3c,30.0,30111,301,558.3546562046365,435.9900909602039,209.82747858122906,435.9900909602039,78.08479541010827,2.0441386361369496e-09,0.0008047960416100812,0.0998490993109522,-0.6011131139264426,2.0869693257981603,0.0027537666699234717,0.03436156086221859,0,0,0
15c_with_nhc,S3c,30.0,34291,301,464.6484977828588,232.63041513376004,117.57280326385184,232.63041513376004,50.065892011658605,2.7693909387949134e-09,0.00011839844539512942,0.013789306297876891,-0.2540307380395031,3.912250707802094,0.0006091530663456875,0.008244087368928002,0,0,0
15c_with_nhc,S3c,60.0,5821,601,301.19647881517255,84.66574595247317,52.78533589101315,88.24781832951042,28.109806026128147,1.9095836023552692e-14,3.0662360476169326e-05,0.006305459279481562,-0.0799433055124527,1.689888902198803,8.421633152972298e-05,0.0014561106868625049,0,0,0
15c_with_nhc,S3c,60.0,15356,601,694.945617411612,139.39841662081085,87.5512141440856,151.65274306881508,20.058895707553763,3.2951419370874646e-13,0.00017687611234267847,0.038347197910016284,-0.04083597554656937,4.253163225005588,-0.0005882122549045615,0.009988696387049294,0,0,0
15c_with_nhc,S3c,60.0,18718,601,456.36951998041746,278.8982442613088,80.76578361783882,278.8982442613088,61.11237320872702,2.327471548824178e-12,0.005345039951703032,1.179861099370921,-0.05164951221413871,2.3653073747340523,0.014458342062215137,0.22861061491863888,0,0,0
15c_with_nhc,S3c,90.0,5052,901,766.4273054975679,290.481503240589,128.78422005054614,290.481503240589,37.900724720657905,2.7755575615628914e-17,0.0002628709455313163,0.09793943956046808,-0.22936969635155677,2.539060134607422,0.000787679055211337,0.016554094016253015,0,0,0
15c_with_nhc,S3c,90.0,5780,901,477.84660853892706,63.06634071415798,43.855960657348504,76.85572981946326,13.19803041126332,1.1102230246251565e-16,8.140541735698579e-06,0.0028794493260235754,-0.03747867593865066,1.7072224520814594,2.3845324525349637e-05,0.0004877979065683507,0,0,0
15c_with_nhc,S3c,90.0,30615,901,1109.28521475983,1126.6075358408737,704.6476854306969,1127.421398095218,101.5615750440516,6.661338147750939e-16,0.004302132994633151,1.633474404245093,-0.07447991786490755,4.219085380179541,0.014749884036725733,0.32036468453848344,0,0,1
15c_with_nhc,S3c,120.0,2653,1201,1493.7259414312634,314.3875752468367,397.2558824144717,598.0687831507203,21.047205951688554,5.551115123125783e-17,0.00012985234577937862,0.06814254680413212,-0.26404811203813305,2.6046112488148006,0.0005188739277710392,0.013628272179455338,0,0,0
15c_with_nhc,S3c,120.0,17856,1201,948.2656066040565,984.6767082309859,327.8276045353332,984.6767082309859,103.83975769798563,8.881784197001252e-16,0.001491145189981348,0.8166985076016227,0.05277585772260571,2.964999061659333,0.005661129986299087,0.1476533924444579,0,0,0
15c_with_nhc,S3c,120.0,31336,1201,1830.4689915905915,1819.4445810943564,1019.2681393543085,1819.4445810943564,99.3977275470449,8.881784197001252e-16,0.00014364495920558644,0.06271697590814673,0.10998641019910775,4.5187045953520775,0.00039575288447084766,0.00893190695829245,0,0,0
15c_with_nhc,V-Vfa02,10.0,17616,101,278.96199760848936,79.96993279462724,38.37906844468146,79.96993279462724,28.66696305597204,2.93963101150041e-06,0.000490925480827477,0.024987813290273664,-1.0343565350980617,2.5360398368813994,0.0030069633711209123,0.02524487988268942,0,0,0
15c_with_nhc,V-Vfa02,10.0,41491,101,272.2708841712515,41.898214942698225,18.187657482546022,41.898214942698225,15.388430191582772,5.175672850299406e-07,0.00031890737632950196,0.016913364375669815,-0.9761619784464236,1.96340289533112,0.002059102644467955,0.017472970555995768,0,0,0
15c_with_nhc,V-Vfa02,10.0,64535,101,158.39008360661248,55.499128787059455,24.20687896202958,55.499128787059455,35.03952237622436,3.856031463911336e-06,6.84566841136354e-05,0.0031290886278698693,0.33496219164641655,2.007903820181078,0.0003357175886712635,0.002901609653532225,0,0,0
15c_with_nhc,V-Vfa02,20.0,30091,201,584.5152322097101,73.98906559788242,33.62297610397426,73.98906559788242,12.65819289570488,1.0465965871730987e-09,5.427169394572801e-05,0.005881421680333787,-0.1698015988067119,1.4321501529915546,-0.00041945285316071103,0.0051833614460784746,0,0,0
15c_with_nhc,V-Vfa02,20.0,38131,201,492.2899094121181,208.19933008697646,95.50547714368426,208.19933008697646,42.292016575274424,2.4032820178376824e-09,2.9523217623028842e-05,0.0029197626126311604,-0.8224980456857164,2.942111946791806,-0.00016766294803019762,0.0019633537644146892,0,0,0
15c_with_nhc,V-Vfa02,20.0,40832,201,570.1211446378163,212.69670386227506,107.7213912873752,212.69670386227506,37.30728212113514,2.6192115143430783e-09,1.4647166847072115e-05,0.0013475378776517388,-0.47708394312672786,2.459009643409939,-6.473386825787528e-05,0.0007148921338507112,0,0,0
15c_with_nhc,V-Vfa02,30.0,40371,301,798.4038369371099,279.1301343562157,119.80356436019785,279.1301343562157,34.9610211577932,1.0073186729187e-10,0.00011300514425348338,0.0170839402230456,-1.1494514564599245,2.2696435896346028,-0.0007517277833128515,0.01106357143643495,0,0,0
15c_with_nhc,V-Vfa02,30.0,56062,301,821.6942053012996,217.22864607283782,86.23520088120196,217.22864607283782,26.43667737600562,1.1298340041321353e-10,1.7125652817197387e-05,0.0026270675972934754,-0.9846608862420783,2.39672022828133,-0.00010098739534502468,0.0014666817404034127,0,0,0
15c_with_nhc,V-Vfa02,30.0,63626,301,410.0348510248193,173.30431178389657,76.25974560094699,173.30431178389657,42.265751643000335,7.335413387821177e-09,5.225357762181664e-05,0.006949177288999353,-0.03470632147548246,2.0060139750459385,-0.0002029003988350347,0.0027097611526608932,0,0,0
15c_with_nhc,V-Vfa02,60.0,10933,601,1741.8077113801614,469.1446284513134,274.99318877253256,469.1446284513134,26.934352476805596,7.993605777301127e-15,3.260842789645904e-05,0.008776915411374375,-0.8238920195845583,2.830457731197913,0.0001450495058999637,0.0027767392757882055,0,0,0
15c_with_nhc,V-Vfa02,60.0,29722,601,1672.4005713617348,173.639242038121,70.6818925508865,173.639242038121,10.382634699576613,9.769962616701378e-15,6.097197472027701e-06,0.0018176936229936658,-0.11260941098080651,1.5151162785459937,4.547020131488918e-05,0.0009572949932669883,0,0,0
15c_with_nhc,V-Vfa02,60.0,36114,601,1453.4032015035928,332.84055637053433,148.21959624925253,332.84055637053433,22.90077220321243,3.219646771412954e-15,2.389599032715313e-06,0.0007053905148546868,-0.20750108274914475,1.9478856223670904,1.3128518879770897e-05,0.00026520923588043755,0,0,0
15c_with_nhc,V-Vfa02,90.0,9770,901,2578.8218171733233,966.2182439424018,386.621461415134,966.2182439424018,37.46742940935272,3.552713678800501e-15,1.1878678118296505e-05,0.005629944278565446,-0.8599145049722693,2.6159398950619583,7.407715645539161e-05,0.001887098973254964,0,0,0
15c_with_nhc,V-Vfa02,90.0,10933,901,2604.875087517933,754.9884072276354,377.5080985394071,754.9884072276354,28.98367030516728,3.552713678800501e-15,2.175101572291316e-05,0.008776915411374375,-0.696524165159273,2.8716949286474436,9.67533330141069e-05,0.002268857122657416,0,0,0
15c_with_nhc,V-Vfa02,90.0,56686,901,2466.426566978511,1845.7231150015061,834.3736489264189,1845.7231150015061,74.83389693059478,7.105427357601002e-15,0.00011604917802172326,0.05009552850514787,-0.6905194705400092,3.5953991150652365,-0.000661313415584237,0.01637523778087957,0,0,0
15c_with_nhc,V-Vfa02,120.0,5049,1201,3276.60013216947,1116.8750646140802,517.3209680646063,1116.8750646140802,34.08640113417153,2.6645352591003757e-15,1.2487198204943358e-05,0.00757247400333938,-0.2671924706598595,2.5482779449670097,8.593305114835053e-05,0.002542701365798611,0,0,0
15c_with_nhc,V-Vfa02,120.0,35460,1201,2820.513469983461,486.84705537091173,171.52688589666172,486.84705537091173,17.260937079437756,6.661338147750939e-16,1.259378324392407e-06,0.0007535402198892704,-0.23941202951299456,2.212011260147618,7.681403376150842e-06,0.0002235858762023439,0,0,0
15c_with_nhc,V-Vfa02,120.0,58848,1201,1772.9246360698812,830.0372314759663,532.1414560660628,862.5473837452124,46.81740072809557,1.3322676295501878e-15,5.043051003776108e-05,0.03115665832705261,-0.2561189036574197,2.268832008874345,-0.0003239119945004478,0.009530284028304156,0,0,0
15c_with_nhc,Vw03,10.0,1034,101,149.6278512518481,16.256762853404418,7.298400346989507,16.256762853404418,10.864797373880368,1.018490144666373e-06,2.6641780017866545e-05,0.0011737688500632615,0.2565828052786998,1.676587322190897,0.00011425113576823414,0.0009353924547942658,0,0,0
15c_with_nhc,Vw03,10.0,2222,101,173.3688360469557,11.3172501426652,10.939648188600895,15.083378641873395,6.52784571940023,6.200361113428698e-07,0.0004556824369706892,0.020541720505494077,-0.4900062795723767,1.6940336385536452,-0.0020725434937255306,0.016335890196607663,0,0,0
15c_with_nhc,Vw03,10.0,3374,101,111.11717974206556,27.11346092313443,8.058167850091483,27.11346092313443,24.40078211674599,2.750393450767774e-07,0.00012968067262282432,0.005647342477440809,-0.06578008904186994,1.8701527091578238,-0.0005387847590276048,0.0041039408685167415,0,0,0
15c_with_nhc,Vw03,20.0,1445,201,354.2612445512965,81.31964386638191,28.93339603246037,81.31964386638191,22.9547107162062,2.6233051286794762e-08,0.0006295473652240004,0.05747337596608215,0.14674136668146737,1.6764416666161654,-0.002706767887159642,0.029743351743832722,0,0,0
15c_with_nhc,Vw03,20.0,2050,201,309.8917693716153,571.6414093064084,276.2325826065362,571.6414093064084,184.46485702590854,1.3026037480323716e-06,0.007560031195492902,0.6247781749025856,-0.08333110933825869,1.9269273880693822,-0.024598568814113164,0.24625550840711294,0,0,0
15c_with_nhc,Vw03,20.0,2146,201,345.6913427079053,36.823765653019166,23.984417817880523,36.82501215067348,10.652209385565582,3.0998013045291373e-09,0.00013126154276550084,0.011576479268127216,-0.22309447374314373,1.764020404572731,0.0005609830252315076,0.006131326660125652,0,0,0
15c_with_nhc,Vw03,30.0,2067,301,498.3315638853748,699.6866357836674,338.972451158583,699.6866357836674,140.40584351678913,1.7996812928799955e-09,0.004084748444183912,0.4933211898179106,-0.15875290600784767,2.166090299545323,-0.012404469296209888,0.1474130696601837,0,0,0
15c_with_nhc,Vw03,30.0,2586,301,382.51816987099073,134.6822412228303,49.013080107106425,134.6822412228303,35.20937090864302,5.04986275018382e-10,5.656669037110345e-05,0.00606933035454027,-0.20353093105468215,1.7433521603039372,0.0001556964107617007,0.002413739177802649,0,0,0
15c_with_nhc,Vw03,30.0,3154,301,400.332270454483,448.2567628204847,171.37912460212536,448.2567628204847,111.97117891885027,1.6129675373122154e-10,3.617210320659578e-05,0.004924463587014927,-0.31826097961774596,1.9589477895635958,-0.00016596038681119683,0.0022596890386861164,0,0,0
15c_with_nhc,Vw03,60.0,728,601,818.5946827201888,58.82627495232042,34.91009542911259,58.82627495232042,7.186251779310465,2.9309887850104133e-13,4.680746254570046e-05,0.01320619504903675,-0.05398030404906614,1.4260229979306671,0.00022743102776230935,0.004471205024065535,0,0,0
15c_with_nhc,Vw03,60.0,1275,601,874.280643510556,1191.7575367797078,559.1511412005417,1191.7575367797078,136.31292716196555,3.739231146937527e-13,0.00037804995011051016,0.09453169645576676,0.23437245133754728,1.9461793231190971,-0.0013047021673445165,0.02319494868794106,0,0,0
15c_with_nhc,Vw03,60.0,1467,601,811.4888508944994,83.09952964435176,86.58781570528282,147.26289995575613,10.240378478737156,8.08242361927114e-14,5.3196549029247965e-05,0.014355954016510353,0.022917310885739277,1.6856157237318343,-0.00024255214245451663,0.004671425416372833,0,0,0
15c_with_nhc,Vw03,90.0,689,901,1275.458106563678,494.7448239779087,110.18510351579692,494.7448239779087,38.789578539027325,2.6645352591003757e-15,9.864219807481453e-05,0.03945389237989083,-0.07267241594994764,1.3794499749631586,0.0004242262927814283,0.009843541434261695,0,0,0
15c_with_nhc,Vw03,90.0,723,901,1284.4023915633334,496.5166504483748,97.67026031606812,496.5166504483748,38.65740625443952,2.6645352591003757e-15,2.7812316607044974e-05,0.011673568556025415,-0.0069034216353894675,1.4483568465455905,0.00013435429329977002,0.00322762689175969,0,0,0
15c_with_nhc,Vw03,90.0,2367,901,1384.3716015120017,124.46480348691588,86.21926555039798,175.9511575262617,8.990707650386373,3.552713678800501e-15,2.460855421264909e-05,0.009467654294611272,-0.10900861660106757,1.9385510587366814,-0.00010829605533123683,0.002512574800233802,0,0,0
15c_with_nhc,Vw03,120.0,235,1201,1604.2791517525388,2285.021907708127,1005.9959229301738,2285.021907708127,142.43293663773755,3.552713678800501e-15,2.9644303281060743e-05,0.015353592791051085,-0.026608652686139555,1.7715743198868326,0.00011499994168264904,0.0030179719829515174,0,0,0
15c_with_nhc,Vw03,120.0,1276,1201,1732.9995193851303,1252.671390247827,904.6137954124463,1297.974782305701,72.28342398457653,2.6645352591003757e-15,0.0001988190119650716,0.09912944570562043,0.12204546810038963,1.7638007643605176,0.0007520348373919857,0.01947726093462794,0,0,0
15c_with_nhc,Vw03,120.0,2187,1201,1889.1636567527114,134.1499894550146,87.99401191020068,210.14331773268486,7.101025312206429,2.6645352591003757e-15,3.8851371124707735e-06,0.00206792184124005,-0.019454413830795745,1.8289090475832726,1.6723914190214383e-05,0.0004491664526292975,0,0,0
15c_with_nhc,Vw16a,10.0,1896,101,135.26747058878297,10.063669384021958,4.925716125598097,10.063669384021958,7.439829650260708,6.265215723999518e-08,2.9262837060445906e-05,0.0013381235911866796,-0.20510208854417716,1.4616303155506756,-0.00013053914926467754,0.0010222534269579149,0,0,0
15c_with_nhc,Vw16a,10.0,3491,101,172.8447074808776,57.21152109135715,26.375619203917456,57.21152109135715,33.09995540227152,4.3944039829213466e-07,0.00016368734027783708,0.007550497159024783,-0.8767488611303187,1.543195269166809,0.0006689590952567989,0.005187740168330698,0,0,0
15c_with_nhc,Vw16a,10.0,5049,101,175.50875102194533,50.84416290155517,25.131846501738167,50.84416290155517,28.969588470946217,8.049598854142914e-08,0.00010939079704470105,0.004623986544015857,-0.3108062750900686,1.5408871719899784,-0.00048820559981794295,0.0037679804211849612,0,0,0
15c_with_nhc,Vw16a,20.0,2549,201,442.7609822829923,192.41647187144085,103.39144930918654,192.41647187144085,43.458317144227756,1.560467310923741e-10,1.0652563117295353e-05,0.0008934238940145889,-0.3339866129347638,1.8953146667679341,-3.975778029246179e-05,0.00041440439024899653,0,0,0
15c_with_nhc,Vw16a,20.0,3271,201,300.84824900441026,63.80119497458786,39.313900809971145,63.80119497458786,21.207101981056425,4.321600570733608e-07,0.007917918346147686,0.5904594370949194,-0.16982380572698683,2.5558986294858395,-0.021430333064248134,0.19652633045106616,0,0,0
15c_with_nhc,Vw16a,20.0,3420,201,347.9547278723919,124.84934864423455,51.66721219163123,124.84934864423455,35.8809174422316,2.3291371054057208e-08,1.3889731711308113e-05,0.001270229201754347,-0.6361093350231437,1.5496225473289953,4.80317407373303e-05,0.0006783643603600769,0,0,0
15c_with_nhc,Vw16a,30.0,3389,301,536.0020119907151,215.45400801192562,85.0412030190422,215.45400801192562,40.196492399669914,3.8627057108442386e-10,1.1631931656808683e-05,0.0013376873777577458,-0.40701700322981854,1.596313018128656,-4.447228264727979e-05,0.0005593795105373794,0,0,0
15c_with_nhc,Vw16a,30.0,4526,301,326.3913747375771,142.0724518736464,91.73525387725695,160.6949643149517,43.528249478980406,3.804409232088801e-09,1.3960932767551105e-05,0.0018970814173702166,-0.47552362501030204,1.9697076006155092,-6.782014795001372e-05,0.0009346336143171765,0,0,0
15c_with_nhc,Vw16a,30.0,4930,301,538.7039727868723,219.60123449134952,103.62826214018112,219.60123449134952,40.76473268895502,5.705027561475617e-10,2.283602630708023e-05,0.003221918543054869,-0.3434413729538119,1.5906660758887774,9.883281555036439e-05,0.0014191935842057858,0,0,0
15c_with_nhc,Vw16a,60.0,1216,601,670.9333218021945,80.77430208022145,48.98158187385815,96.41111060866919,12.039095310284118,1.3322676295501878e-14,1.3050942811755023e-05,0.0032925820764599933,0.024107245357443123,1.744127654451491,-5.0651324325277396e-05,0.0009310523233652564,0,0,0
15c_with_nhc,Vw16a,60.0,2479,601,1229.1526166396688,367.68786953792835,232.4207672130464,381.57770948195736,29.913931318239023,1.509903313490213e-14,3.1670648808981033e-06,0.0008052419655895093,-0.10554515474820092,2.185199544517928,1.2092651717273386e-05,0.0002211659938997484,0,0,0
15c_with_nhc,Vw16a,60.0,3117,601,859.5324195358427,270.8145562610424,94.3797941180975,270.8145562610424,31.507195087217926,4.440892098500626e-15,2.7290929716927795e-05,0.007026100840528571,-0.28366566824519757,1.9722550667504586,0.00011402389345448278,0.0021464546007240095,0,0,0
15c_with_nhc,Vw16a,90.0,1114,901,1068.9424165964756,86.52443068643639,50.34751629751112,95.59518122318322,8.094395857349467,3.552713678800501e-15,9.886758077137275e-07,0.000321689263903302,0.03671476978151582,1.7270403218598696,-3.189151894736092e-06,6.765548691208871e-05,0,0,0
15c_with_nhc,Vw16a,90.0,1168,901,1078.6415608709838,76.61695213689369,53.38138474403148,93.40688184377947,7.103096609315412,2.6645352591003757e-15,1.4430985929157137e-06,0.0005197761934834233,-0.004006455309308199,1.7146446364101022,-5.099966941994742e-06,0.00011046655374034987,0,0,0
15c_with_nhc,Vw16a,90.0,4228,901,1481.2630414037278,173.333333865739,99.30809455720706,174.61984489404682,11.701725420859663,5.329070518200751e-15,1.7451574744651055e-05,0.006753935965646107,-0.17427868254213202,1.8608978025124883,7.378671426082002e-05,0.0017049011187501614,0,0,0
15c_with_nhc,Vw16a,120.0,872,1201,1361.453430351938,175.3709413302649,125.23406016739003,193.40677737773754,12.881156080743153,1.7763568394002505e-15,1.6356793987040706e-06,0.00084064388234939,-0.11164679606295785,1.6440448059497714,-6.24900818755937e-06,0.00016206976232731806,0,0,0
15c_with_nhc,Vw16a,120.0,2463,1201,2047.6476324035782,474.0770977168949,289.81902299981874,474.0770977168949,23.152279240565026,1.7763568394002505e-15,2.1302196609710137e-06,0.0010967360867430997,-0.34300863182917474,2.0937166772976408,8.58114784005125e-06,0.00022571997107809647,0,0,0
15c_with_nhc,Vw16a,120.0,3776,1201,2190.4770927804175,1305.5550219550285,663.6701657252108,1305.5550219550285,59.60140036424032,4.440892098500626e-16,2.6127760975957973e-06,0.0013119286697034216,-0.22681780477127156,2.035430109931816,-1.0859090831041074e-05,0.00028534042656779446,0,0,0
15c_with_nhc,Vw16b,10.0,198,101,233.10091688945496,19.022585838889825,9.558302471213954,19.026469038122073,8.16066538593284,4.5228807366015644e-08,7.510865398532164e-06,0.0003303371519240983,-0.3904125441153149,3.0465688612891038,4.0615424145086664e-05,0.00032547745875867305,0,0,0
15c_with_nhc,Vw16b,10.0,607,101,136.42467650997932,25.455126924337435,13.374049316815313,25.455126924337435,18.658740907826466,1.3556736160325045e-06,5.571438475743317e-05,0.002881500449922303,-0.053791934444816177,1.8201412338669378,-0.0005769012766095948,0.005495069099040181,0,0,0
15c_with_nhc,Vw16b,10.0,713,101,167.440322200507,29.36950447564365,11.098334599666716,29.36950447564365,17.54028186858967,8.61596749501814e-09,0.00011471262705590916,0.005113125227873105,-0.13887053562089138,1.154424552791797,-0.0004812596666473084,0.003709212012973671,0,0,0
15c_with_nhc,Vw16b,20.0,211,201,432.7942336588973,4.359477885956497,11.676042461688764,22.22333357738676,1.0072864994297448,9.077133711343777e-09,1.0644901719702728e-05,0.0010393679189615312,-0.3275023473910393,2.9383193245625656,-5.946700021924629e-05,0.000692940486396609,0,0,0
15c_with_nhc,Vw16b,20.0,236,201,416.6176659418768,29.99606317585033,9.94619920869764,29.99606317585033,7.199901883189741,5.808231229309513e-09,1.0706762406000869e-05,0.001136801839043855,-0.2687693572260114,2.772562713694288,-6.82165941929294e-05,0.0008220382096610872,0,0,0
15c_with_nhc,Vw16b,20.0,244,201,410.495714327909,31.800128391941072,10.886600590932952,31.800128391941072,7.746762580458694,1.512091785116354e-09,6.566880239403479e-06,0.0006802034773674137,-0.3100070354040788,2.7202544003250733,-4.420652686385098e-05,0.0005338845499617412,0,0,0
15c_with_nhc,Vw16b,30.0,228,301,550.2701161781483,79.25736023052194,21.49590383635125,79.25736023052194,14.403355352276225,2.50970799697825e-10,1.0417837159620433e-05,0.001526748645368059,-0.2875931880300323,2.7173603147030914,-5.76905771438372e-05,0.0008221006972589106,0,0,0
15c_with_nhc,Vw16b,30.0,269,301,459.9952452789188,104.92377928874598,34.724687006106066,104.92377928874598,22.80975300627842,4.82032191939652e-10,1.8155469035913602e-05,0.002646366494900576,-0.3739321891721799,2.528869214767195,0.00011118973893447498,0.0016091186357515173,0,0,0
15c_with_nhc,Vw16b,30.0,289,301,425.36064169021176,118.11247859933788,43.58256577760187,118.11247859933788,27.767608711987663,7.557510173228366e-11,7.210829397385231e-06,0.001038952051983344,-0.3574673034573404,2.475915834134231,4.02472347164007e-05,0.0005737234200325119,0,0,0
15c_with_nhc,Vw16b,60.0,136,601,978.6908287988056,71.55799828212133,43.02817324475385,87.66369487734721,7.311604050683494,2.842170943040401e-14,3.308097719278296e-06,0.000839441304305133,-0.31393975642093763,2.5237670990592416,1.3737296731613845e-05,0.0002538473105956876,0,0,0
15c_with_nhc,Vw16b,60.0,166,601,959.4032955111443,71.930681871366,47.123107700775016,97.43057860772953,7.49743952391192,1.0658141036401503e-14,4.991954151209552e-06,0.0015203139473651817,-0.29651578738065554,2.436939870719892,3.235086411575371e-05,0.0006755745556939007,0,0,0
15c_with_nhc,Vw16b,60.0,177,601,952.6829500225869,70.02655338208551,48.76955364281833,99.52010476014969,7.350457293313087,8.881784197001252e-15,1.5264783021995501e-06,0.00045582008506350746,-0.28120955594065267,2.4306019753545836,8.920126367574183e-06,0.00018310988009300185,0,0,0
