relative_time_s,gt_east_m,gt_north_m,classical_east_m,classical_north_m,ai_east_m,ai_north_m,classical_error_m,ai_error_m
0.0,-3961.4291199534982,5731763.232406918,-3961.4291199534982,5731763.232406918,-3961.4291199534982,5731763.232406918,0.0,0.0
0.09999999999854481,-3960.077543743684,5731763.744476576,-3960.0645005331403,5731763.75073675,-3960.487546791765,5731763.589562994,0.014467726574354174,0.4382929582996731
0.20000000000436557,-3958.7123838533616,5731764.245414284,-3958.703890066926,5731764.271448101,-3959.529456265742,5731763.954986784,0.027384375623179212,0.8671536542337519
0.3000000000029104,-3957.3540158032934,5731764.724088094,-3957.347024875825,5731764.793832657,-3958.5516371441145,5731764.330148898,0.07009405893009038,1.2607477805807907
0.4000000000014552,-3955.995647753194,5731765.213893854,-3955.9935490351704,5731765.316949364,-3957.5509511547034,5731764.716482063,0.10307687764397368,1.6329075787704899
0.5,-3954.6372797031263,5731765.681435715,-3954.6429603171323,5731765.840181751,-3956.545777110321,5731765.107106912,0.15884764161939094,1.9930418780722814
0.5999999999985448,-3953.2721198127733,5731766.171241474,-3953.2947024247296,5731766.363471872,-3955.5452724001493,5731765.4984838925,0.19355231906312753,2.3706171030712366
0.7000000000043656,-3951.9137517627196,5731766.638783336,-3951.9486341867646,5731766.887138423,-3954.5479667567984,5731765.891170624,0.2507928082956278,2.7382500620165784
0.8000000000029104,-3950.5553837126504,5731767.106325197,-3950.6047999573593,5731767.4119662065,-3953.5505472984682,5731766.286674168,0.3096100642944065,3.105291083822781
0.9000000000014552,-3949.1970156625825,5731767.56273511,-3949.2631545835316,5731767.938506668,-3952.554810441397,5731766.684271461,0.3815476658295972,3.470804540441169
1.0,-3947.838647612514,5731768.052540869,-3947.924120430447,5731768.467125704,-3951.5500831495656,5731767.0877638245,0.4233038947315765,3.8347814138692464
1.0999999999985448,-3946.480279562416,5731768.4866868835,-3946.5880745022746,5731768.998747328,-3950.5177932914426,5731767.504369717,0.5232835256244925,4.155293506780031
1.2000000000043656,-3945.1219115123467,5731768.976492642,-3945.2547893447727,5731769.53346028,-3949.478996263947,5731767.925634752,0.5725988714400294,4.482018500456894
1.3000000000029104,-3943.7567516220392,5731769.4106386565,-3943.9241252031247,5731770.070238944,-3948.4602357921735,5731768.340329681,0.6805045592407544,4.823725183148729
1.4000000000014552,-3942.4119672524644,5731769.855916619,-3942.5959901198394,5731770.6088493075,-3947.438769495511,5731768.7573364265,0.775094864328958,5.14544645591201
1.5,-3941.046807362127,5731770.301194583,-3941.2699228589463,5731771.149478173,-3946.405596377781,5731769.1805327125,0.877134866297535,5.474714854899664
1.5999999999985448,-3939.6952311523123,5731770.746472547,-3939.9455459180676,5731771.691197247,-3945.382177754123,5731769.601035573,0.9773240207458275,5.801153981218471
1.7000000000043656,-3938.336863102228,5731771.180618561,-3938.6230378113205,5731772.233120886,-3944.3660645377486,5731770.019733047,1.090714035778094,6.139945042599337
1.8000000000029104,-3936.9920787326537,5731771.614764574,-3937.302629950406,5731772.775151626,-3943.3508734644847,5731770.439605014,1.201224446060908,6.46647279682259
1.9000000000014552,-3935.640502522824,5731772.082306435,-3935.984514266494,5731773.317748264,-3942.3365510392655,5731770.860674317,1.2824432123170673,6.806574084448697
2.0,-3934.28892631301,5731772.516452449,-3934.6690753920993,5731773.86183184,-3941.3196050514807,5731771.284135162,1.3980554450369655,7.137860283067535
2.099999999998545,-3932.9305582629418,5731772.961730412,-3933.3566035113818,5731774.408092015,-3940.298932124211,5731771.71045431,1.5078051734139744,7.473862805983764
2.2000000000043656,-3931.592565733606,5731773.418140326,-3932.0476214219116,5731774.9571207855,-3939.2714889388576,5731772.140761664,1.6048478230312602,7.784443322239175
2.3000000000029104,-3930.2477813640467,5731773.85228634,-3930.7423616124856,5731775.508819004,-3938.231779911174,5731772.577113069,1.7287886188179533,8.08519014444264
2.400000000001455,-3928.9029969944713,5731774.241904558,-3929.4402444229254,5731776.06180093,-3937.189043176206,5731773.01558726,1.8975398821440335,8.37630082079164
2.5,-3927.565004465136,5731774.642654724,-3928.141113643484,5731776.615045178,-3936.161250126703,5731773.448566895,2.054805559114693,8.678783625510524
2.599999999998545,-3926.220220095561,5731775.05453684,-3926.845297132089,5731777.168683191,-3935.1448444135453,5731773.877641314,2.2046169949780325,9.001888818288755
2.7000000000043656,-3924.868643885747,5731775.488682854,-3925.5527950299997,5731777.722712162,-3934.1337870064726,5731774.305391789,2.33643954276864,9.340399070223434
2.8000000000029104,-3923.517067675887,5731775.911696919,-3924.2633775233685,5731778.277227287,-3933.10472152668,5731774.741728294,2.4804661477426295,9.658774919592418
2.900000000001455,-3922.192658827091,5731776.312447086,-3922.976878069181,5731778.833111859,-3932.052857922908,5731775.189290272,2.639839146095151,9.92396127752302
3.0,-3920.8886254990266,5731776.757725049,-3921.6932647661624,5731779.390919167,-3931.0043463076195,5731775.637694118,2.7533898402277663,10.177537853736386
3.099999999998545,-3919.5506329697364,5731777.180739114,-3920.4125414679065,5731779.950643413,-3929.9564468754097,5731776.088223908,2.9009060796961466,10.46300876969754
3.2000000000043656,-3918.1990567598773,5731777.559225383,-3919.1347116826805,5731780.512279299,-3928.906594351513,5731776.541871768,3.097737491237721,10.755759836191068
3.3000000000029104,-3916.8542723903024,5731777.95997555,-3917.859778908851,5731781.075821519,-3927.857594868822,5731776.997488582,3.274070778258372,11.045337782548396
3.400000000001455,-3915.543447221984,5731778.360725717,-3916.587975978763,5731781.641164443,-3926.8141738419413,5731777.453114206,3.442719646415755,11.307211733942106
3.5,-3914.212246532902,5731778.761475883,-3915.3196362121557,5731782.208430671,-3925.788250013092,5731777.903650206,3.620470854768231,11.60774403003997
3.599999999998545,-3912.8878376840903,5731779.117698254,-3914.054928698871,5731782.778606001,-3924.7873147798605,5731778.346025384,3.8424402364209698,11.924472070959926
3.7000000000043656,-3911.549845154755,5731779.518448421,-3912.794118556985,5731783.352879677,-3923.7939960495632,5731778.788330462,4.031262749780933,12.265900022780343
3.8000000000029104,-3910.21185262545,5731779.863538842,-3911.537639368803,5731783.931571726,-3922.8011863537417,5731779.233924564,4.278621511009514,12.605067943531484
3.900000000001455,-3908.887443776623,5731780.264289009,-3910.2859602275435,5731784.514463847,-3921.8239768242597,5731779.675895063,4.4743529599431415,12.94990713204132
4.0,-3907.5630349277963,5731780.62051138,-3909.0391236820255,5731785.1010072045,-3920.854460637942,5731780.117723536,4.717380718527186,13.300932035939208
4.099999999998545,-3906.2318342387143,5731780.998997648,-3907.7967448871636,5731785.690323724,-3919.890582184227,5731780.560321324,4.945451009820466,13.665790586602352
4.200000000004366,-3904.914217230142,5731781.34408807,-3906.558633556979,5731786.281968768,-3918.9296227970176,5731781.005008171,5.204495253172283,14.01950670964426
4.30000000000291,-3903.5966002215687,5731781.689178491,-3905.3249022899777,5731786.8761562845,-3917.96199366288,5731781.4563687565,5.467336341358622,14.367279808515097
4.400000000001455,-3902.2721913727573,5731782.023136964,-3904.0958910555414,5731787.472992701,-3916.985291182152,5731781.915662055,5.746895517697283,14.713492340614275
4.5,-3900.927407003167,5731782.357095436,-3902.8717271347564,5731788.072131214,-3916.00907387072,5731782.378240893,6.036722182828589,15.081681691183297
4.599999999998545,-3899.630165515342,5731782.713317806,-3901.6520843879603,5731788.673439597,-3915.0381454690128,5731782.841760979,6.293743535413107,15.408515304903455
4.700000000004366,-3898.3600913885352,5731783.091804076,-3900.4367433762563,5731789.277012565,-3914.057930344656,5731783.313192322,6.524514352257777,15.69940000916418
4.80000000000291,-3897.049266220217,5731783.436894497,-3899.22571060403,5731789.882837721,-3913.0717958417704,5731783.7909060605,6.803461928019241,16.026440018316972
4.900000000001455,-3895.7316492116443,5731783.770852969,-3898.0191074410186,5731790.490568627,-3912.0843441385787,5731784.272832289,7.098383172999188,16.360397752237127
5.0,-3894.3664893213067,5731784.049151696,-3896.8171686830556,5731791.099522535,-3911.1033526545466,5731784.75524859,7.464151545512434,16.751751163965434
5.099999999998545,-3893.042080472495,5731784.37197822,-3895.619676969218,5731791.709237751,-3910.139518258616,5731785.232471606,7.776849048649353,17.11907788748907
5.200000000004366,-3891.7312553041766,5731784.683672793,-3894.4259637587966,5731792.319477886,-3909.181373933195,5731785.709394628,8.097343581070131,17.480238712602297
5.30000000000291,-3890.413638295604,5731785.0064993175,-3893.235582926684,5731792.929900114,-3908.2335627923453,5731786.182967288,8.410924544304681,17.858717365931458
5.400000000001455,-3889.1299804882724,5731785.318193891,-3892.048422924451,5731793.540276379,-3907.2972853321785,5731786.652527036,8.724674589730698,18.216240288089597
5.5,-3887.819155319954,5731785.641020414,-3890.8648195090154,5731794.150712168,-3906.3522493870064,5731787.12849941,9.038303164357545,18.592691291495385
5.599999999998545,-3886.5219138321295,5731785.93045109,-3889.684894171355,5731794.760888161,-3905.4106320405194,5731787.604486823,9.379822145741677,18.96275484179708
5.700000000004366,-3885.2314641845596,5731786.231013715,-3888.5073475911167,5731795.370392881,-3904.4487041749226,5731788.0920858905,9.708741609214313,19.307146409775992
5.80000000000291,-3883.93422269675,5731786.542708291,-3887.330232640647,5731795.979146174,-3903.453178350803,5731788.598119461,10.028920353985434,19.626878124235866
5.900000000001455,-3882.6301893686864,5731786.843270915,-3886.1528870348498,5731796.586950375,-3902.4679205680313,5731789.100490956,10.360921207552424,19.965736186051007
6.0,-3881.346531561355,5731787.154965489,-3884.9759268043454,5731797.194024171,-3901.494868017691,5731789.598148768,10.674980517171814,20.29592585941488
6.099999999998545,-3880.0560819137836,5731787.455528114,-3883.7997678368447,5731797.8006875515,-3900.534366503881,5731790.090753165,11.001704780531698,20.64714389020593
6.200000000004366,-3878.7452567454666,5731787.733826841,-3882.6244097022636,5731798.406939679,-3899.5850707536188,5731790.57845712,11.356195018857358,21.033063716838097
6.30000000000291,-3877.4548070978803,5731788.023257517,-3881.4499551579506,5731799.012980437,-3898.6332428835935,5731791.068039126,11.693383508316662,21.396187449475196
6.400000000001455,-3876.1575656100554,5731788.312688193,-3880.276403952169,5731799.618809336,-3897.6845944833153,5731791.556978512,12.033004802591263,21.77012613146379
6.5,-3874.867115962501,5731788.613250819,-3879.103446112744,5731800.22382548,-3896.7464452626527,5731792.041542156,12.359285460591938,22.146291610861496
6.599999999998545,-3873.57666631493,5731788.902681495,-3877.930874572281,5731800.827628488,-3895.8082898206685,5731792.52678839,12.695018327126865,22.525080121690497
6.700000000004366,-3872.28621666736,5731789.192112171,-3876.758688801352,5731801.430218191,-3894.860693599837,5731793.017598279,13.029744661392156,22.896317449218
6.80000000000291,-3870.995767019789,5731789.481542846,-3875.5871099148726,5731802.031479134,-3893.914218041365,5731793.509081613,13.363432583509615,23.26964687632247
6.900000000001455,-3869.7053173722043,5731789.759841574,-3874.416681674488,5731802.631916044,-3892.978099414395,5731793.996999196,13.707197187904612,23.655356448214274
7.0,-3868.421659564888,5731790.071536149,-3873.2481667715833,5731803.232989975,-3892.0404427003705,5731794.487555586,14.018524838209661,24.028069928066458
7.099999999998545,-3867.1312099173183,5731790.360966823,-3872.0825656637653,5731803.835529211,-3891.0825034096806,5731794.990214926,14.35547823214699,24.394556728040396
7.200000000004366,-3865.840760269747,5731790.639265551,-3870.920543902792,5731804.439182127,-3890.1129070560255,5731795.5001705475,14.705165733639413,24.754100811734986
7.30000000000291,-3864.5638943026856,5731790.928696227,-3869.761869518409,5731805.043503263,-3889.145821815743,5731796.010205089,15.04150005818606,25.10165119210928
7.400000000001455,-3863.2938201758484,5731791.173599106,-3868.6059845619648,5731805.64850047,-3888.1810491093142,5731796.521122784,15.418879984227305,25.455258267684446
7.5,-3862.003370528293,5731791.440765884,-3867.453021916441,5731806.254947437,-3887.2296745044564,5731797.027796212,15.784760857976526,25.83759509285706
7.599999999998545,-3860.7468800819647,5731791.719064612,-3866.3037950602156,5731806.86382087,-3886.2869739464495,5731797.533586441,16.132047179568833,26.193607210591114
7.700000000004366,-3859.4632222746486,5731791.975099441,-3865.158989019814,5731807.4753114665,-3885.3337141128713,5731798.049338536,16.513580219351986,26.574023567065467
7.80000000000291,-3858.19993998808,5731792.197738422,-3864.0188330810015,5731808.089284406,-3884.3623897113584,5731798.579268866,16.923378817105334,26.92949509984401
7.900000000001455,-3856.9298658612583,5731792.476037149,-3862.8830946709736,5731808.705285607,-3883.377919748003,5731799.120813616,17.286683856626595,27.269994658658785
8.0,-3855.6665835746744,5731792.698676132,-3861.75141856759,5731809.322642412,-3882.3931018127346,5731799.667370544,17.70258376005945,27.62009194299119
8.099999999998545,-3854.4033012881223,5731792.932447061,-3860.6238109199353,5731809.94133838,-3881.40719459343,5731800.219669494,18.110690875239168,27.969874229804294
8.200000000004366,-3853.140019001554,5731793.177349942,-3859.500427787594,5731810.56213378,-3880.4246107327535,5731800.775283221,18.511766771909905,28.322738851596128
8.30000000000291,-3851.8767367149703,5731793.411120872,-3858.3814300258537,5731811.185787257,-3879.4434566829877,5731801.335320728,18.92748795163716,28.68304365214962
8.400000000001455,-3850.6202462686565,5731793.600364007,-3857.2671697160276,5731811.812373526,-3878.459855412582,5731801.901818084,19.387080286822258,29.050954839238813
8.5,-3849.370547662582,5731793.811871038,-3856.1578745479155,5731812.441750014,-3877.4763389283885,5731802.473197218,19.82776328593381,29.410101561829396
8.599999999998545,-3848.120849056523,5731794.03451002,-3855.053453026205,5731813.074218691,-3876.5035631032747,5731803.043592877,20.262564104354915,29.77821402597098
8.700000000004366,-3846.864358610209,5731794.234885103,-3853.9538438332233,5731813.710615163,-3875.5488928393193,5731803.609616112,20.7259465907932,30.177609007841152
8.80000000000291,-3845.6146600041347,5731794.446392137,-3852.8594814260937,5731814.352093118,-3874.6248105691066,5731804.164644071,21.183115186525846,30.594660587435424
8.900000000001455,-3844.3377940370733,5731794.613371372,-3851.77125739514,5731814.999559953,-3873.726242111793,5731804.712100439,21.69914888519198,31.07515420718121
9.0,-3843.0880954309987,5731794.802614507,-3850.689764318572,5731815.652929851,-3872.8330574369174,5731805.263882036,22.19281459849983,31.53095119161521
9.099999999998545,-3841.8316049846853,5731794.958461793,-3849.6148539909354,5731816.311393528,-3871.933147516197,5731805.827450255,22.727222856684058,32.0037149868416
9.200000000004366,-3840.5751145383565,5731795.103177131,-3848.5459464159753,5731816.97441019,-3871.021473322604,5731806.406127479,23.278423407663208,32.47672166003457
9.30000000000291,-3839.3186240920427,5731795.259024419,-3847.4825142531213,5731817.642000821,-3870.0980176635253,5731807.000442612,23.825338092004223,32.94285916269798
9.400000000001455,-3838.068925485968,5731795.403739757,-3846.4243758334655,5731818.314266239,-3869.1696383095227,5731807.60607678,24.38659004883042,33.40885162577337
9.5,-3836.819226879893,5731795.537323146,-3845.3714220792685,5731818.990964968,-3868.2482437860212,5731808.215289213,24.964241575212093,33.889731885520625
9.599999999998545,-3835.569528273834,5731795.670906534,-3844.323195137494,5731819.671788056,-3867.3207585404916,5731808.836681847,25.547387290899824,34.37263829035872
9.700000000004366,-3834.3198296677597,5731795.782226025,-3843.2791659025747,5731820.35677885,-3866.3854719178366,5731809.471464929,26.156803174383906,34.86546535874594
9.80000000000291,-3833.056547381191,5731795.893545517,-3842.23915247337,5731821.04605242,-3865.4513783696325,5731810.11349641,26.77627382170653,35.37841260101903
9.900000000001455,-3831.8068487751316,5731795.982601109,-3841.2033222670807,5731821.739790847,-3864.522033150671,5731810.76011195,27.417631868294578,35.89788455316785
10.0,-3830.543566488564,5731796.082788651,-3840.171987369138,5731822.438380047,-3863.60155810163,5731811.408382665,28.059288773586637,36.43768161376975
10.099999999998545,-3829.2938678824894,5731796.171844244,-3839.1453196381635,5731823.141998501,-3862.6947100056545,5731812.054893897,28.71306884185338,36.984963442099854
10.200000000004366,-3828.0373774361756,5731796.238635939,-3838.1235507423817,5731823.850472904,-3861.789936407064,5731812.707816036,29.396333658389775,37.556212937105215
10.30000000000291,-3826.787678830101,5731796.2942956835,-3837.1066307460746,5731824.563245346,-3860.8860602924165,5731813.367806731,30.093425920885437,38.1340320164479
10.400000000001455,-3825.5447720642815,5731796.327691531,-3836.093671324402,5731825.279470271,-3859.984785132291,5731814.033815035,30.81371071205327,38.72494428218703
10.5,-3824.2882816179676,5731796.405615174,-3835.084194969089,5731825.99887046,-3859.0647705805222,5731814.722138957,31.500992103638556,39.30520611894243
10.599999999998545,-3823.031791171639,5731796.45014297,-3834.0788418000566,5731826.721832805,-3858.133861593604,5731815.427242886,32.224408963603054,39.90345435083485
10.700000000004366,-3821.7753007253405,5731796.494670766,-3833.0783175404836,5731827.448408422,-3857.204776791761,5731816.139450001,32.95287641433589,40.51129627031533
10.80000000000291,-3820.525602119266,5731796.505802716,-3832.082702876823,5731828.178240301,-3856.2719455399065,5731816.862702959,33.71512836240508,41.136412768415276
10.900000000001455,-3819.2759035131908,5731796.550330512,-3831.091738589228,5731828.910946846,-3855.339590149811,5731817.593879219,34.450304034164844,41.75428643869775
11.0,-3818.0262049071166,5731796.561462462,-3830.105441907687,5731829.646500839,-3854.4130923578787,5731818.329111717,35.22112620177922,42.400897778617264
11.099999999998545,-3816.776506301057,5731796.561462462,-3829.124164278152,5731830.3848946635,-3853.4865385767043,5731819.07309398,36.006794128471235,43.06274518962382
11.200000000004366,-3815.5335995352366,5731796.561462462,-3828.1479746202112,5731831.125768978,-3852.5620140241267,5731819.823866592,36.79420801879388,43.729199917916006
11.30000000000291,-3814.283900929162,5731796.561462462,-3827.176500959086,5731831.869412424,-3851.644419455186,5731820.577576854,37.58816922992335,44.413760199270165
11.400000000001455,-3813.040994163343,5731796.5391985625,-3826.2094668376217,5731832.616622507,-3850.7371321346654,5731821.331640833,38.405588018129436,45.11833343211788
11.5,-3811.7912955572683,5731796.516934664,-3825.2471669126603,5731833.368088446,-3849.819797092307,5731822.1033097105,39.23095727828672,45.83480682867218
11.599999999998545,-3810.548388791463,5731796.494670766,-3824.2899474871983,5731834.124165719,-3848.891167316952,5731822.8933823705,40.06007146528673,46.55169856631823
11.700000000004366,-3809.3122738658967,5731796.4390110215,-3823.3371905811337,5731834.884423031,-3847.975080267264,5731823.68173134,40.923684993080386,47.296706113172675
11.80000000000291,-3808.0693671000777,5731796.394483225,-3822.38779451012,5731835.648221478,-3847.0678828963405,5731824.471432336,41.78364907817644,48.054128913665586
11.900000000001455,-3806.8128766537484,5731796.361087378,-3821.4409670525515,5731836.414956016,-3846.1871216169748,5731825.246789239,42.64145191640726,48.8335431690162
12.0,-3805.5631780476742,5731796.305427633,-3820.4965603800924,5731837.184423624,-3845.338017447963,5731826.002729972,43.521238735446595,49.63836838085005
12.099999999998545,-3804.320271281854,5731796.20524009,-3819.554923092358,5731837.956983559,-3844.5046938115493,5731826.75295586,44.44437757965627,50.477230043007815
12.200000000004366,-3803.0705726758097,5731796.082788651,-3818.615903030263,5731838.7324363375,-3843.675565951103,5731827.507473386,45.39438008853948,51.34468121998342
12.30000000000291,-3801.8208740697196,5731795.982601109,-3817.6788399083466,5731839.510030399,-3842.842213853104,5731828.273041955,46.32615007903306,52.205582916658045
12.400000000001455,-3800.5847591441693,5731795.915809415,-3816.743064806803,5731840.28902197,-3842.0222103451442,5731829.032900328,47.22364698213418,53.04530207796293
12.5,-3799.3282686978405,5731795.815621873,-3815.808243822336,5731841.069038608,-3841.2089288878938,5731829.793251134,48.160785980637016,53.93022332754505
12.599999999998545,-3798.0717782515267,5731795.715434331,-3814.8745529753132,5731841.850258085,-3840.3879544080855,5731830.567087034,49.09944196408641,54.82058427813239
12.700000000004366,-3796.822079645452,5731795.604114841,-3813.9418412069313,5731842.632513504,-3839.563857236133,5731831.3493315345,50.04754256414267,55.71875867329512
12.80000000000291,-3795.5723810393924,5731795.49279535,-3813.0093011739064,5731843.414950699,-3838.7328236901612,5731832.142505969,50.995873921634484,56.62177229881401
12.900000000001455,-3794.309098752825,5731795.392607809,-3812.0762942341726,5731844.196900161,-3837.9029859183834,5731832.937576233,51.93777225917504,57.533048347797504
13.0,-3793.0526083065106,5731795.281288317,-3811.142653082586,5731844.977863783,-3837.083274005918,5731833.725208878,52.886664982864026,58.451984995981995
13.099999999998545,-3791.8029097004364,5731795.125441029,-3810.2083538128973,5731845.757169967,-3836.2397666056,5731834.538243822,53.87329902848697,59.39699719360088
13.200000000004366,-3790.546419254108,5731795.025253488,-3809.2737124792843,5731846.534825136,-3835.3598830095157,5731835.388969759,54.80827932824633,60.311492478797184
13.30000000000291,-3789.296720648048,5731794.902802048,-3808.3390568753266,5731847.311171395,-3834.477770664315,5731836.2442221735,55.760629000704185,61.24083848660179
13.400000000001455,-3788.0470220419584,5731794.813746456,-3807.4042284175007,5731848.086047376,-3833.6136587448964,5731837.083918046,56.680150704854356,62.15372705379953
13.5,-3786.7973234358988,5731794.680163067,-3806.4690736380917,5731848.858938197,-3832.791799809696,5731837.88380598,57.639547453005065,63.10345963468191
13.599999999998545,-3785.5476248298246,5731794.557711626,-3805.533077162692,5731849.628599505,-3832.0070030009056,5731838.648435504,58.585160208705766,64.05049376944342
13.700000000004366,-3784.2979262237654,5731794.435260187,-3804.5955441151973,5731850.393961647,-3831.234289087946,5731839.40182127,59.52620902696047,65.00010595781173
13.80000000000291,-3783.055019457945,5731794.312808747,-3803.6566480292277,5731851.155203991,-3830.4682505772726,5731840.1489600055,60.46060698320209,65.94670004882086
13.900000000001455,-3781.812112692125,5731794.190357307,-3802.7169167512448,5731851.912510102,-3829.7246176449826,5731840.874309542,61.39102341553024,66.89543726673729
14.0,-3780.562414086066,5731794.056773919,-3801.7767083080125,5731852.665530756,-3829.0019187827456,5731841.579239706,62.33003014089524,67.85845835064644
14.099999999998545,-3779.3262991604997,5731793.934322479,-3800.836197311414,5731853.414444966,-3828.2669775505083,5731842.296111241,63.249985688049314,68.80445198906396
14.200000000004366,-3778.0766005544256,5731793.80073909,-3799.8955495663436,5731854.160138993,-3827.5294195366428,5731843.015658888,64.1819576874281,69.76882997455962
14.30000000000291,-3776.8336937886056,5731793.689419599,-3798.9554631075885,5731854.903328689,-3826.7955183644535,5731843.73195547,65.08851929355785,70.7137844502871
14.400000000001455,-3775.5907870228007,5731793.55583621,-3798.016644482626,5731855.644022475,-3826.060632815135,5731844.4493986545,66.01410422388487,71.67537954271853
14.5,-3774.3614639374737,5731793.411120872,-3797.078919021195,5731856.382041403,-3825.321543639747,5731845.170881774,66.94340593376154,72.636096893497
14.599999999998545,-3773.1253490119075,5731793.2886694325,-3796.1415797109903,5731857.117377052,-3824.5800099587846,5731845.894876322,67.85168230764792,73.58665053142558
14.700000000004366,-3771.8824422460875,5731793.166217992,-3795.204276318433,5731857.849671511,-3823.839397620712,5731846.618609602,68.75941465449927,74.54316454633096
14.80000000000291,-3770.6531191607614,5731793.032634603,-3794.266840000854,5731858.578038759,-3823.0943684726294,5731847.347733003,69.66927456097798,75.49976518914423
14.900000000001455,-3769.423796075435,5731792.910183163,-3793.3290961912244,5731859.301946572,-3822.3508299338237,5731848.076800881,70.564365101222,76.45015777253947
15.0,-3768.1944729901384,5731792.776599775,-3792.391390753566,5731860.021752019,-3821.6089870477485,5731848.80572621,71.46608517062577,77.41042126893228
15.099999999998545,-3766.965149904812,5731792.643016386,-3791.4537162835586,5731860.737809073,-3820.863170888586,5731849.540233021,72.36429143173655,78.372762658704
15.200000000004366,-3765.7426186597395,5731792.509432998,-3790.5157123136964,5731861.450468667,-3820.105291435481,5731850.288311445,73.25689434000735,79.33283674484885
15.30000000000291,-3764.513295574428,5731792.375849607,-3789.577900392659,5731862.160618245,-3819.336267801062,5731851.048715307,74.14949998787154,80.29983470225704
15.400000000001455,-3763.290764329356,5731792.231134269,-3788.6406302967566,5731862.868613437,-3818.547537226876,5731851.829838274,75.04844547153861,81.27309807115272
15.5,-3762.0682330842988,5731792.097550881,-3787.703725549673,5731863.573922463,-3817.7497573728124,5731852.621288208,75.93451236705661,82.2408349127349
15.599999999998545,-3760.845701839242,5731791.952835542,-3786.767362640738,5731864.276015099,-3816.9559137901497,5731853.410005973,76.82821617049416,83.21862581482601
15.700000000004366,-3759.6299624344238,5731791.819252153,-3785.831363359448,5731864.974713826,-3816.1645394841394,5731854.197298274,77.70608073361304,84.18538495558334
15.80000000000291,-3758.4074311893364,5731791.674536816,-3784.8953716847677,5731865.670017506,-3815.3879109188865,5731854.9711935725,78.5935248875891,85.16596636438956
15.900000000001455,-3757.191691784534,5731791.540953427,-3783.959914699391,5731866.362103355,-3814.615149967117,5731855.742665828,79.46535241626903,86.13543652262113
16.0,-3755.9827442199553,5731791.396238089,-3783.025519905961,5731867.051148222,-3813.8332674353055,5731856.524464929,80.34287239120383,87.11124478277245
16.099999999998545,-3754.7670048151376,5731791.240390801,-3782.0923444282334,5731867.737310407,-3813.043590766996,5731857.315234293,81.23086171006462,88.10247109329049
16.200000000004366,-3753.5580572505887,5731791.106807412,-3781.160368704561,5731868.420925075,-3812.247302665309,5731858.113802454,82.09360747155517,89.07505213028611
16.30000000000291,-3752.342317845771,5731790.962092075,-3780.229254898586,5731869.102009635,-3811.448822051421,5731858.9154092325,82.96702944305395,90.06237922783258
16.400000000001455,-3751.1333702811926,5731790.817376737,-3779.2991963335053,5731869.7804041505,-3810.6460276336666,5731859.721697718,83.83599140931598,91.0470308964239
16.5,-3749.9312145568833,5731790.661529449,-3778.3703692089325,5731870.455931342,-3809.8449710719765,5731860.52631083,84.7108735101189,92.0366551828312
16.599999999998545,-3748.7222669923044,5731790.516814112,-3777.4420654462683,5731871.128239134,-3809.0543264884946,5731861.320397027,85.57469642020182,93.02206596645748
16.700000000004366,-3747.5269031082503,5731790.360966823,-3776.5134008243704,5731871.7971526,-3808.275152273412,5731862.102826174,86.44113259197385,94.00661763839875
16.80000000000291,-3746.3247473839256,5731790.216251486,-3775.5841984528165,5731872.462495275,-3807.492549480646,5731862.888490661,87.29581945448211,94.98818010711452
16.900000000001455,-3745.1157998193617,5731790.082668098,-3774.6546348529946,5731873.123736256,-3806.6671247485956,5731863.716474421,88.13831048973233,95.9713656996209
17.0,-3743.9272277755467,5731789.92682081,-3773.7243583726954,5731873.780521961,-3805.797427397435,5731864.587588921,88.99051740798426,96.96469407063647
17.099999999998545,-3742.7250720512375,5731789.782105471,-3772.7928424116635,5731874.433028877,-3804.917713384197,5731865.4671312235,89.83234188140439,97.95992935445645
17.200000000004366,-3741.5297081671674,5731789.648522083,-3771.860090857856,5731875.0816096375,-3804.049415374947,5731866.333606389,90.65729183746312,98.94097202100949
17.30000000000291,-3740.327552442843,5731789.5149386935,-3770.926460604523,5731875.726617239,-3803.1918676480227,5731867.187774833,91.4808542723138,99.92492982342347
17.400000000001455,-3739.132188558773,5731789.370223356,-3769.9919549247816,5731876.368050762,-3802.326950491987,5731868.047776843,92.308976559899,100.91449528435926
17.5,-3737.9300328344643,5731789.236639968,-3769.05622444838,5731877.005554633,-3801.432663080031,5731868.935258419,93.12476676950662,101.90414040226482
17.599999999998545,-3736.7346689504093,5731789.103056578,-3768.119274852827,5731877.638774107,-3800.513060375005,5731869.845975499,93.93384249602633,102.89364493759655
17.700000000004366,-3735.546096906594,5731788.95834124,-3767.181468199725,5731878.267002487,-3799.597673992995,5731870.751020897,94.7461539616628,103.88766516177544
17.80000000000291,-3734.357524862778,5731788.8358898,-3766.2435032501176,5731878.889200135,-3798.750723374067,5731871.587550148,95.5317450900616,104.8538092052509
17.900000000001455,-3733.1757446592014,5731788.702306411,-3765.3065881088114,5731879.504879704,-3797.9740284664913,5731872.353931825,96.31977168435418,105.81309946637911
18.0,-3731.9939644556407,5731788.568723023,-3764.371591221054,5731880.1142421365,-3797.1998432937985,5731873.116896117,97.1024859863436,106.77172007895142
18.099999999998545,-3730.8189760923337,5731788.435139634,-3763.4388707620474,5731880.717291511,-3796.4438029041244,5731873.860959144,97.87774559777853,107.72273916464479
18.200000000004366,-3729.6371958887576,5731788.312688193,-3762.508787699646,5731881.313678695,-3795.736919366105,5731874.555909018,98.6393723746318,108.66032662387924
18.30000000000291,-3728.475791205944,5731788.179104805,-3761.581525775952,5731881.902875642,-3795.064239799398,5731875.21676555,99.39886760613749,109.58821047010478
18.400000000001455,-3727.314386523131,5731788.056653364,-3760.657272422164,5731882.48400089,-3794.448979122241,5731875.82075572,100.14126023205064,110.497018900476
18.5,-3726.166565520826,5731787.934201924,-3759.7367450296806,5731883.056355227,-3793.9746709536835,5731876.286090777,100.87210219476164,111.37322580543534
18.599999999998545,-3725.0051608380127,5731787.789486586,-3758.8204806743342,5731883.619413878,-3793.589968818299,5731876.663436263,101.62111404806225,112.26065569396344
18.700000000004366,-3723.870923516202,5731787.6781670945,-3757.908643438643,5731884.17266561,-3793.214084713634,5731877.03216353,102.32181889155754,113.10442380292316
18.80000000000291,-3722.743478034645,5731787.555715656,-3757.0019073996395,5731884.7157981545,-3792.8204522414294,5731877.418408459,103.0229179051164,113.95650868559753
18.900000000001455,-3721.6228243933274,5731787.433264216,-3756.1007850686697,5731885.248656349,-3792.413752899674,5731877.81757292,103.7139369151194,114.80713748959131
19.0,-3720.515754432504,5731787.299680827,-3755.204936471796,5731885.77157253,-3792.0798196041933,5731878.145420571,104.40331798433931,115.6475847282288
19.099999999998545,-3719.4018926314557,5731787.188361336,-3754.314023120798,5731886.2845245935,-3791.7481327391693,5731878.471261636,105.06620021563758,116.47551822185744
19.200000000004366,-3718.308406351141,5731787.077041846,-3753.428913414815,5731886.787006083,-3791.33672179298,5731878.8755102325,105.71436508151793,117.30342558692254
19.30000000000291,-3717.228503751319,5731786.965722355,-3752.550828804365,5731887.278868575,-3790.899752972866,5731879.304909239,106.35033592624742,118.12695880354765
19.400000000001455,-3716.162184832021,5731786.843270915,-3751.6801250461776,5731887.75976089,-3790.4611957054976,5731879.73598232,106.98440085375546,118.95124568103081
19.5,-3715.1094495932166,5731786.731951425,-3750.81715690817,5731888.2293310845,-3790.0045530245147,5731880.184950849,107.5953458076631,119.76117742975967
19.599999999998545,-3714.056714354413,5731786.620631934,-3749.962452370899,5731888.687759806,-3789.528319299935,5731880.653179441,108.19852408697852,120.57397374067014
19.700000000004366,-3713.017562796102,5731786.5093124425,-3749.1161877202035,5731889.135226104,-3789.0438848859285,5731881.1293035885,108.78965427076078,121.37934080798286
19.80000000000291,-3711.9919949182854,5731786.397992952,-3748.278722630596,5731889.571381718,-3788.5645545709954,5731881.60004785,109.36852727157525,122.17523541462117
19.900000000001455,-3710.9800107209917,5731786.286673461,-3747.450423301919,5731889.995527212,-3788.1054035975085,5731882.050463861,109.93460483425362,122.95946396307875
20.0,-3709.9884020444315,5731786.175353971,-3746.6307718004364,5731890.407132335,-3787.6330789286267,5731882.513344153,110.48496224461809,123.73238945670543
20.099999999998545,-3709.0103770483797,5731786.06403448,-3745.8192401599345,5731890.806371616,-3787.1327356533207,5731883.003433601,111.02184286160791,124.50040167004822
20.200000000004366,-3708.0255602120737,5731785.963846938,-3745.015819434073,5731891.194307371,-3786.6442694206303,5731883.481605154,111.54249898721466,125.26218346026094
20.30000000000291,-3707.0611188965154,5731785.852527447,-3744.220514862428,5731891.570943144,-3786.1596684174633,5731883.955396713,112.05893148721982,126.0188616615917
20.400000000001455,-3706.110261261482,5731785.763471854,-3743.433526546263,5731891.935049755,-3785.663433495013,5731884.43985418,112.54079298383999,126.75068300197691
20.5,-3705.1729873069103,5731785.663284313,-3742.654692744411,5731892.286100213,-3785.175777286617,5731884.915439667,113.01903871937552,127.48112310064018
20.599999999998545,-3704.2560888731023,5731785.563096771,-3741.8829526167606,5731892.624437541,-3784.705545457272,5731885.373830363,113.48088633157997,128.19632445935756
20.700000000004366,-3703.3391904393093,5731785.474041179,-3741.1172283316755,5731892.951463339,-3784.247464361294,5731885.820336481,113.9235551638758,128.9012326156405
20.80000000000291,-3702.4222920055167,5731785.384985586,-3740.3574972609185,5731893.268945721,-3783.800125027881,5731886.256334937,114.3592088650511,129.60470989668656
20.900000000001455,-3701.5189772522176,5731785.295929993,-3739.6044583678145,5731893.577601595,-3783.3648235033943,5731886.680489523,114.78425099633776,130.2980101913243
21.0,-3700.6224543391727,5731785.2068744,-3738.858471467527,5731893.8770830985,-3782.9379707967882,5731887.09626673,115.2007259713966,130.98584854454424
21.099999999998545,-3699.7463069468754,5731785.1066868575,-3738.1193683576967,5731894.166858681,-3782.513961975017,5731887.509128401,115.61406886752458,131.66907287944622
21.200000000004366,-3698.8769513948173,5731785.017631265,-3737.3867970808933,5731894.4469248,-3782.0867208929,5731887.92495594,116.00766568754395,132.33965094254657
21.30000000000291,-3698.007595842775,5731784.939707622,-3736.660929687524,5731894.717816086,-3781.657741497196,5731888.342293258,116.38433449208061,133.0016600805947
21.400000000001455,-3697.1586158114806,5731784.83952008,-3735.9422958175205,5731894.979717795,-3781.208884007171,5731888.778773886,116.76916111484269,133.6705504796923
21.5,-3696.3096357801855,5731784.750464489,-3735.2312615599667,5731895.231929627,-3780.7379183208445,5731889.236397016,117.13687332556646,134.33333535956413
21.599999999998545,-3695.474239429385,5731784.661408896,-3734.528370032098,5731895.473932943,-3780.2720708247834,5731889.688578569,117.49315130232685,134.98658666338434
21.700000000004366,-3694.6863859603336,5731784.616881099,-3733.833974734371,5731895.706090875,-3779.825618352284,5731890.121629396,117.78516984561288,135.57264032866044
21.80000000000291,-3693.8985324912983,5731784.583485252,-3733.1478979473172,5731895.928579016,-3779.3879230700363,5731890.546109893,118.06033454927996,136.14886603406643
21.900000000001455,-3693.110679022247,5731784.538957455,-3732.4697915193174,5731896.141038313,-3778.940927687961,5731890.979571285,118.33919126077588,136.73491089851777
22.0,-3692.3364092337047,5731784.494429659,-3731.799482234155,5731896.343289951,-3778.4941932415027,5731891.412742388,118.60649931266609,137.312378691881
22.099999999998545,-3691.568931285432,5731784.438769913,-3731.1369646355997,5731896.535687538,-3778.055033872594,5731891.8385684015,118.8753473354886,137.89330170835927
22.200000000004366,-3690.8218288578773,5731784.394242117,-3730.4820537353567,5731896.718758762,-3777.609435126891,5731892.270676606,119.12065512243467,138.45365188393538
22.30000000000291,-3690.0815182705915,5731784.349714321,-3729.834395095597,5731896.89249756,-3777.149868741877,5731892.716328378,119.35731764340098,139.0115847543487
22.400000000001455,-3689.3547913638,5731784.305186525,-3729.193815470506,5731897.056725024,-3776.679269987951,5731893.172558884,119.5828469126089,139.5624209139605
22.5,-3688.6416481375013,5731784.271790678,-3728.560316520226,5731897.21144239,-3776.2179341543215,5731893.619731856,119.7867480752897,140.09488967248146
22.599999999998545,-3687.9352967514724,5731784.23839483,-3727.9338982447575,5731897.356649658,-3775.8558139405927,5731893.970735095,119.98178068607183,140.61011287546322
22.700000000004366,-3687.2357372056827,5731784.204998983,-3727.3142125468357,5731897.491987705,-3775.5101148423887,5731894.305856483,120.16749144176359,141.11897310206098
22.80000000000291,-3686.549761340387,5731784.171603136,-3726.700562276741,5731897.616737791,-3775.0962113381825,5731894.7071582815,120.34070546931207,141.628326116568
22.900000000001455,-3685.8637854751055,5731784.12707534,-3726.0927724617,5731897.730719828,-3774.6803264728396,5731895.11041643,120.51622063029389,142.14668464085284
23.0,-3685.204976970827,5731784.093679492,-3725.491370793454,5731897.834118796,-3774.25346028764,5731895.524359291,120.6643321786563,142.64090851331818
23.099999999998545,-3684.5665439872955,5731784.093679492,-3724.8973943817596,5731897.92728599,-3773.799945459094,5731895.964381806,120.76699657498337,143.10015364872618
23.200000000004366,-3683.934902844004,5731784.071415594,-3724.311528414487,5731898.010210814,-3773.3268731623925,5731896.423732579,120.88143343238627,143.575650753464
23.30000000000291,-3683.289678020219,5731784.026887798,-3723.733279582485,5731898.0813094,-3772.856583419389,5731896.8805407565,121.01279268842755,144.07698473010777
23.400000000001455,-3682.6784123976754,5731784.026887798,-3723.163034348477,5731898.13954398,-3772.391614408896,5731897.332180729,121.08138963337753,144.5217908184546
23.5,-3682.0671467751467,5731783.982360002,-3722.603048129068,5731898.185477884,-3771.9658820875,5731897.745511276,121.18379195470966,144.99599028444152
23.599999999998545,-3681.48984035386,5731783.971228053,-3722.0541789790036,5731898.218952189,-3771.5898726596347,5731898.11026699,121.23534154044366,145.4157351561433
23.700000000004366,-3680.919325772827,5731783.948964154,-3721.5154025862353,5731898.238911079,-3771.231192581725,5731898.458207743,121.28575110348069,145.83758141785296
23.80000000000291,-3680.3488111918095,5731783.926700256,-3720.987079288879,5731898.244685244,-3770.8794394284723,5731898.799401092,121.32629774967049,146.2584426499853
23.900000000001455,-3679.7850884510162,5731783.848776613,-3720.471126256122,5731898.236131324,-3770.5404049645495,5731899.128030954,121.40766281448127,146.7168496008167
24.0,-3679.228157550492,5731783.781984919,-3719.9692867304852,5731898.212926979,-3770.2003724264237,5731899.457539273,121.46719766133337,147.16241964134068
24.099999999998545,-3678.698394010955,5731783.704061274,-3719.4819110953295,5731898.17406849,-3769.8533987430797,5731899.793831207,121.51822010594569,147.6010486774429
24.200000000004366,-3678.189005992181,5731783.6484015295,-3719.0088344728574,5731898.118703148,-3769.5071413458886,5731900.129547578,121.53068892214336,148.00965924327136
24.30000000000291,-3677.6932016539013,5731783.603873733,-3718.550916539168,5731898.04699943,-3769.1601267955816,5731900.466259821,121.51782537928915,148.40153529201817
24.400000000001455,-3677.238148357132,5731783.559345937,-3718.109141703038,5731897.959972217,-3768.8283744312635,5731900.788577367,121.48226780153209,148.76646871459866
24.5,-3676.789886900602,5731783.514818141,-3717.683649601081,5731897.858123977,-3768.50908725848,5731901.099361774,121.43595603112716,149.12590859912652
24.599999999998545,-3676.3620009648203,5731783.448026447,-3717.274136833987,5731897.740425927,-3768.192436880811,5731901.408251219,121.39421501980564,149.4906137152804
24.700000000004366,-3675.954490549801,5731783.425762548,-3716.8809400045293,5731897.606863771,-3767.884532351985,5731901.709441047,121.29426260692784,149.8070798894966
24.80000000000291,-3675.574147495784,5731783.381234752,-3716.504827620848,5731897.459293002,-3767.6102743076676,5731901.978851197,121.19869615489843,150.12009613983483
24.900000000001455,-3675.2073881222764,5731783.325575006,-3716.145910070992,5731897.298852467,-3767.3624992526297,5731902.223850499,121.10272727935681,150.43059669691144
25.0,-3674.8542124292467,5731783.281047209,-3715.802779494452,5731897.125814703,-3767.1274944350694,5731902.457783339,120.9851901287322,150.72310044115372
25.099999999998545,-3674.521412256995,5731783.247651362,-3715.4728109186917,5731896.940337155,-3766.923374006608,5731902.662323493,120.84305464200266,150.99002104531277
25.200000000004366,-3674.202195765222,5731783.191991617,-3715.154249357055,5731896.742750688,-3766.740112933186,5731902.847193486,120.70975759688456,151.26345708106962
25.30000000000291,-3673.896562953943,5731783.147463821,-3714.846724565964,5731896.533675221,-3766.5625170582834,5731903.027542629,120.55433908274746,151.5196764290929
25.400000000001455,-3673.6180975036805,5731783.102936025,-3714.5501989017644,5731896.313390586,-3766.393675257187,5731903.200247057,120.38290554198163,151.7585975970226
25.5,-3673.346423893673,5731783.058408228,-3714.2642935826634,5731896.081877391,-3766.2361518981875,5731903.362537883,120.20223226524753,151.99205630858972
25.599999999998545,-3673.088333964159,5731783.013880432,-3713.988288454455,5731895.839483112,-3766.0894249966727,5731903.514630973,120.01009498168828,152.2157475898856
25.700000000004366,-3672.8370358748844,5731782.991616533,-3713.7219682450213,5731895.58669589,-3765.934772808362,5731903.675849623,119.7882698358891,152.42005359740074
25.80000000000291,-3672.5993214661326,5731782.935956789,-3713.4651253598026,5731895.323318978,-3765.7605595255636,5731903.85832357,119.58650888624877,152.6474207601407
25.900000000001455,-3672.3887744183694,5731782.902560941,-3713.2166932569044,5731895.048683622,-3765.5823630275295,5731904.045768044,119.34685496091943,152.84214597111986
26.0,-3672.171435530351,5731782.869165095,-3712.975779513595,5731894.762636017,-3765.4053625092142,5731904.232611018,119.10139933260187,153.04133803115423
26.099999999998545,-3671.974472163096,5731782.835769246,-3712.7425505990905,5731894.4660263425,-3765.2256360729602,5731904.422831046,118.84170361751833,153.22921773511942
26.200000000004366,-3671.7910924763346,5731782.802373399,-3712.517867132478,5731894.159669696,-3765.046488900895,5731904.61283087,118.57115000092934,153.40911482553443
26.30000000000291,-3671.607712789573,5731782.7801095005,-3712.302233771235,5731893.843012065,-3764.8623618640527,5731904.808481007,118.28360987012582,153.58174704860335
26.400000000001455,-3671.4447086235737,5731782.735581704,-3712.095280990512,5731893.514676908,-3764.664731731112,5731905.018768813,118.00202103307997,153.76329392191067
26.5,-3671.3088718185627,5731782.713317806,-3711.896645605232,5731893.173980749,-3764.456017703408,5731905.241003317,117.68145749791519,153.91369173389697
26.599999999998545,-3671.159451333043,5731782.691053908,-3711.7066789342157,5731892.820910987,-3764.211243109108,5731905.501781508,117.35698993417486,154.08150689287683
26.700000000004366,-3671.043990048794,5731782.657658061,-3711.526237560221,5731892.455277881,-3763.9439971537113,5731905.786659702,117.02277420072933,154.24384060678986
26.80000000000291,-3670.9353206047854,5731782.646526111,-3711.3564972605627,5731892.0768820215,-3763.6997977229917,5731906.047041235,116.65708001177292,154.3791933769014
26.900000000001455,-3670.8538185217785,5731782.613130265,-3711.1979756652913,5731891.685866033,-3763.475182964678,5731906.28656079,116.29493842594908,154.5116001115406
27.0,-3670.765524598532,5731782.590866366,-3711.049504066435,5731891.282779638,-3763.25674114226,5731906.519538858,115.91691426341195,154.63809686898736
27.099999999998545,-3670.7111898765284,5731782.568602469,-3710.9092125402362,5731890.868920564,-3763.0534032459473,5731906.736409307,115.51986809864732,154.7408434288791
27.200000000004366,-3670.6636469947775,5731782.568602469,-3710.77541987338,5731890.446448855,-3762.8689710626936,5731906.933080736,115.09380549971925,154.81713484315063
27.30000000000291,-3670.609312272773,5731782.54633857,-3710.6466328708475,5731890.017323761,-3762.690981381596,5731907.122865069,114.68652797336253,154.91399142840137
27.400000000001455,-3670.5685612312623,5731782.535206621,-3710.5220133056637,5731889.582439056,-3762.501455779138,5731907.3249308895,114.26017812288137,154.99720121044606
27.5,-3670.534602030021,5731782.535206621,-3710.401390597127,5731889.14197749,-3762.299047132116,5731907.540714589,113.81724133822281,155.0712430056736
27.599999999998545,-3670.5006428287643,5731782.524074672,-3710.2847647452368,5731888.695939064,-3762.0896260752393,5731907.764014438,113.38095583116272,155.15664460381822
27.700000000004366,-3670.480267308016,5731782.512942723,-3710.172134776519,5731888.244323081,-3761.8746803000518,5731907.993263794,112.93612856662311,155.23610953082976
27.80000000000291,-3670.459891787253,5731782.512942723,-3710.0635002042272,5731887.787129192,-3761.651069352036,5731908.231775949,112.47710938803549,155.30954862243024
27.900000000001455,-3670.4530999470135,5731782.501810774,-3709.9588610283527,5731887.324357396,-3761.4531609088344,5731908.442872809,112.01996000218914,155.37748292969832
28.0,-3670.4463081067597,5731782.501810774,-3709.8583882844605,5731886.855825261,-3761.273961210281,5731908.634014194,111.54852040026225,155.43164191309427
28.099999999998545,-3670.4463081067597,5731782.490678826,-3709.7617570079615,5731886.381879407,-3761.0944336746334,5731908.825505262,111.0814389553384,155.49138574067823
28.200000000004366,-3670.4463081067597,5731782.490678826,-3709.667137123232,5731885.904471863,-3760.9632866314764,5731908.965391811,110.60147385536824,155.5286996852677
28.30000000000291,-3670.4463081067597,5731782.490678826,-3709.5725275150785,5731885.425737097,-3760.8669548620283,5731909.068143032,110.12033084928424,155.55625286134597
28.400000000001455,-3670.4463081067597,5731782.479546876,-3709.4774150766148,5731884.946222409,-3760.79194770557,5731909.148148589,109.64874329454774,155.58685437555772
28.5,-3670.4463081067597,5731782.479546876,-3709.382107673568,5731884.465599417,-3760.7350121398517,5731909.208878282,109.16570615726799,155.60325676148582
28.599999999998545,-3670.4463081067597,5731782.479546876,-3709.2867592388025,5731883.98370393,-3760.6789016622106,5731909.268727905,108.68152806908826,155.6194633259454
28.700000000004366,-3670.439516266505,5731782.468414927,-3709.191215839447,5731883.500700139,-3760.6236162726423,5731909.327697457,108.20913489654839,155.64848042278223
28.80000000000291,-3670.439516266505,5731782.468414927,-3709.0953235426523,5731883.016752236,-3760.5697657400783,5731909.385136534,107.72297606227156,155.6641130568605
28.900000000001455,-3670.439516266505,5731782.468414927,-3708.9992362812745,5731882.531696028,-3760.5168642974913,5731909.441563276,107.23577869512633,155.67950741792217
29.0,-3670.439516266505,5731782.457282978,-3708.903107988178,5731882.045367326,-3760.4669479140107,5731909.494806036,106.75783077669524,155.70314933815547
29.099999999998545,-3670.4327244262504,5731782.457282978,-3708.806938663362,5731881.557766129,-3760.4122838201347,5731909.55311289,106.27081480400741,155.7230589528029
29.200000000004366,-3670.4327244262504,5731782.446151028,-3708.7107283068203,5731881.068892438,-3760.348499431849,5731909.621147805,105.79059837349114,155.7508471885847
29.30000000000291,-3670.4327244262504,5731782.446151028,-3708.6143229857025,5731880.578910443,-3760.283813285688,5731909.690144571,105.29896931538087,155.76986891495773
29.400000000001455,-3670.4327244262504,5731782.446151028,-3708.5175687671385,5731880.087984335,-3760.203399016538,5731909.7759175645,104.80640715091346,155.7935924951377
29.5,-3670.4327244262504,5731782.446151028,-3708.4206195839915,5731879.595949923,-3760.107256624398,5731909.878466788,104.31281610482326,155.82206783620228
29.599999999998545,-3670.4259325860116,5731782.43501908,-3708.3236293691257,5731879.102643016,-3760.008608584657,5731909.983688633,103.83094403372812,155.86442488236676
29.700000000004366,-3670.4259325860116,5731782.43501908,-3708.2265981225337,5731878.608063614,-3759.904542684094,5731910.094689379,103.33510928053308,155.89551977574962
29.80000000000291,-3670.4259325860116,5731782.43501908,-3708.1295258442296,5731878.112211718,-3759.8008485670607,5731910.205293567,102.83815505827742,155.92664509052233
29.900000000001455,-3670.4259325860116,5731782.423887131,-3708.0324125342067,5731877.615087328,-3759.7024524324866,5731910.31024672,102.35043687737931,155.96543836654854
30.0,-3670.4259325860116,5731782.423887131,-3707.9352581924645,5731877.116690442,-3759.64258111796,5731910.374107799,101.85124695543622,155.98355472357002
