row,t,ref_E,ref_N,ekf_E,ekf_N,ekf_psi_rad,cov_trace,in_outage,gnss_used,gru_speed,ref_speed
2372,237.199,246.66007800235258,1303.3397301567138,246.66007800235258,1303.3397301567138,5.160903691562193,33.121846967914685,0,1,12.43002700805664,8.61
2373,237.299,245.86032460247148,1303.6736886290414,245.74642955566532,1303.7616705226621,5.160808892096864,38.32421505482658,0,1,13.013968467712402,8.684999999999999
2374,237.4,245.04040935217637,1303.951987356113,244.6999130472193,1304.2229202236056,5.159995656869612,34.11557716924223,0,1,12.810808181762695,8.661944444444446
2375,237.5,244.20033225146744,1304.2080221847657,243.68502415409674,1304.645735541707,5.1578840324621,33.06885698563526,0,1,13.165949821472168,8.758055555555556
2376,237.6,243.36025515075846,1304.4640570134184,242.66789494728417,1305.0502888727858,5.1543321046081365,32.05349684929054,0,1,13.36315631866455,8.815
2377,237.7,242.49329558282594,1304.6644320976059,241.65517524154603,1305.4181218230424,5.14863638827334,30.500230567765602,0,1,13.33324909210205,8.918055555555554
2378,237.8,241.61289478127424,1304.8648071802115,240.65980090715811,1305.7459744165315,5.141143693596556,28.429722258870175,0,1,13.095890998840332,9.02
2379,237.9,240.71905274611822,1305.0429183659803,239.67596820368504,1306.0345322400647,5.132054268165521,27.068569020253783,0,1,13.100833892822266,9.101944444444445
2380,238.0,239.82521071096218,1305.1987656525391,238.7044325081384,1306.2844723153507,5.121748921530642,25.114781851746407,0,1,12.832032203674316,9.116111111111111
2381,238.1,238.92464805902642,1305.3657448890986,237.73889226534052,1306.5075586707558,5.11099794208708,24.194973326342122,0,1,12.981757164001465,9.193055555555555
2382,238.2,237.99720293982233,1305.4993282780295,236.78969795396608,1306.6948378076331,5.099691759686703,21.779794031967114,0,1,12.324151992797852,9.383888888888889
2383,238.3,237.05631658702887,1305.6329116669606,235.8617372147355,1306.8507992292728,5.0882882882692835,20.70964943272033,0,1,12.275147438049316,9.483055555555556
2384,238.4,236.11543023423545,1305.7553631066821,234.9410815614471,1306.9848677243945,5.077004752393435,19.29963094118884,0,1,11.930561065673828,9.528055555555556
2385,238.5,235.15438203101317,1305.855550648776,234.02157536515222,1307.0977102397785,5.065740083442898,18.567810939809274,0,1,11.943037033081055,9.663055555555555
2386,238.6,234.18661321099617,1305.9780020884978,232.94401475654175,1306.8352511477765,-1.30296611720847,12.59256445822047,0,1,11.767064094543457,9.71
2387,238.7,233.20540315735997,1306.0781896298004,232.04106884380502,1306.9566962856682,-1.3053883236407737,12.320094761292994,0,1,11.545999526977539,9.866111111111111
2388,238.8,232.21747248694402,1306.1783771718942,231.13669528328452,1307.0664559715385,-1.308174522502555,12.206479195163785,0,1,11.460869789123535,9.891944444444443
2389,238.899,231.20937996606938,1306.2563008155691,230.22997529113826,1307.1624153471828,-1.311348433540318,12.085062342581896,0,1,11.370412826538086,10.088055555555556
2390,238.999,230.2080080620342,1306.3676203060813,229.31820617301545,1307.2545544712955,-1.3146283072488956,11.824401283624908,0,1,10.95549488067627,10.13888888888889
2391,239.1,229.19319492436483,1306.4566758989658,228.41481371841684,1307.335504928822,-1.3180723759465156,11.576544108378622,0,1,10.516133308410645,10.180000000000001
2392,239.199,228.1582199362816,1306.5568634402687,227.52599982706647,1307.407235199107,-1.3215816290961324,11.489410720932087,0,1,10.465792655944824,10.316944444444443
2393,239.3,227.12324494821328,1306.6681829315717,226.58464572229886,1307.4896104481727,-1.32507916533388,11.62800051236772,0,1,10.790931701660156,10.46111111111111
2394,239.4,226.08154934333535,1306.7683704736653,225.62415501758292,1307.5723884551498,-1.3286003295946536,11.566904493092668,0,1,10.728887557983398,10.483888888888888
2395,239.5,225.01969188804352,1306.8574260657588,224.63858362445336,1307.654738211352,-1.3321946517656946,11.664737697653074,0,1,10.981877326965332,10.61
2396,239.6,223.95111381592713,1306.9576136078526,223.6330769897458,1307.7382575805939,-1.335789623324306,11.590449078710398,0,1,10.869180679321289,10.748888888888889
2397,239.7,222.88253574382566,1307.0689330983648,222.618601167722,1307.8230550768467,-1.3393162458468726,11.60395290535056,0,1,10.935039520263672,10.741111111111111
2398,239.8,221.79379582131028,1307.1691206404587,221.52255012071979,1307.7008592270731,-1.3874083763160292,10.625931640278484,0,1,11.190418243408203,10.91
2399,239.9,220.6916146651757,1307.2693081817615,220.46937189584662,1307.7920417781534,-1.3890008626438002,10.568307489927784,0,1,11.054035186767578,11.036944444444444
2400,240.0,219.58943350904113,1307.3694957230643,219.41508803774158,1307.8813845637776,-1.3906195492976268,10.585796444135577,0,1,11.028230667114258,11.093055555555557
2401,240.1,218.460369885683,1307.4585513159486,218.34293607889163,1307.9698775328636,-1.3923067926375565,10.665582919940093,0,1,11.184852600097656,11.258055555555556
2402,240.2,217.34474749594412,1307.5921347048795,217.2594730441464,1308.06541189162,-1.3939102098377896,10.675734817295638,0,1,11.127992630004883,11.30111111111111
2403,240.299,216.22240448939564,1307.7145861438103,216.16830253840584,1308.1644163591075,-1.3954773186864073,10.800421799234316,0,1,11.439167976379395,11.331944444444444
2404,240.399,215.0798996324332,1307.8370375843228,215.0703422323804,1308.2655877974792,-1.3970224203167283,10.633510978820116,0,1,10.859314918518066,11.510000000000002
2405,240.5,213.9306741586612,1307.948357075626,213.99641975264572,1308.3611518402668,-1.3985748454811875,10.528319666041607,0,1,10.433943748474121,11.538888888888888
2406,240.6,212.76800745128486,1308.0596765669293,212.93248223126704,1308.4537013625413,-1.400131498042605,10.556350928117388,0,1,10.472711563110352,11.661944444444444
2407,240.7,211.58517889347974,1308.159864107441,211.85301865395772,1308.545308324963,-1.401732053332116,10.527232101126572,0,1,10.33311653137207,11.865
2408,240.8,210.40907095246922,1308.2934474963722,210.74716735072275,1308.6445994890641,-1.4032630374431954,10.683789195657303,0,1,10.726173400878906,11.866944444444444
2409,240.9,209.2128011610747,1308.3825030892565,209.5792767852717,1308.6577055513158,-1.4244689255198713,10.177060774487904,0,1,11.078317642211914,11.961111111111112
2410,241.0,208.00309013603112,1308.4938225805597,208.38490860315719,1308.7641845073167,-1.4254018914475581,10.315316440085672,0,1,11.53415584564209,12.141944444444446
2411,241.1,206.78665849420773,1308.605142071072,207.1394265647235,1308.877149233277,-1.4263515413885735,10.573537555363286,0,1,12.225091934204102,12.18888888888889
2412,241.2,205.56350623555983,1308.7164615623751,205.8016765800986,1309.0025783530232,-1.4273311192173586,11.181323207438433,0,1,13.848455429077148,12.261944444444444
2413,241.3,204.33363336011726,1308.8277810528873,204.40068428259386,1309.1359141726753,-1.4283503100900345,11.384976788270295,0,1,14.17502498626709,12.393888888888888
2414,241.4,203.07687801746604,1308.9391005433995,202.99685342228113,1309.2677733634118,-1.4294179818348924,11.584392531524827,0,1,14.48189640045166,12.551944444444443
2415,241.5,201.83356390841914,1309.0504200347027,201.60240251752376,1309.3969931015124,-1.4305212367302689,11.700707921315054,0,1,14.577547073364258,12.52388888888889
2416,241.6,200.56336733214874,1309.1394756267962,200.17523763037997,1309.5248543179036,-1.4317400765602275,12.268296383501715,0,1,15.755511283874512,12.70611111111111
2417,241.7,199.2931707558634,1309.2619270657267,198.72325812414508,1309.6570956712305,-1.4329567445379112,12.365179881926402,0,1,15.79126262664795,12.728055555555557
2418,241.8,198.00281232916416,1309.373246557821,197.28084166659968,1309.7861435952334,-1.4342125633607692,12.600591704683906,0,1,16.15640640258789,12.918888888888889
2419,241.9,196.70573328567022,1309.4734340991238,195.85546130841857,1309.8366147412014,-1.4475912305523366,11.482468568258803,0,1,15.697881698608398,13.010000000000002
2420,242.0,195.40865424217625,1309.584753589636,194.48313035011645,1309.9512232519255,-1.4483550228678324,11.468622214285435,0,1,15.588743209838867,13.058055555555553
2421,242.1,194.098133965078,1309.718336978567,193.13937121299566,1310.0657279484485,-1.449070302097257,11.428572258601102,0,1,15.252313613891602,13.208888888888888
2422,242.2,192.78089307115525,1309.8407884190797,191.81706519968478,1310.1785854703996,-1.449775924056006,11.468513513951185,0,1,15.174345970153809,13.22888888888889
2423,242.3,191.4434903268186,1309.9521079095919,190.50785915998398,1310.288207657535,-1.4505103381645779,11.427072111828945,0,1,14.874343872070312,13.368888888888888
2424,242.4,190.0993669656872,1310.0745593493136,189.23093617943326,1310.394510344274,-1.4512351451385437,11.270119983174784,0,1,14.257051467895508,13.51
2425,242.5,188.74852298773132,1310.1747468914073,187.9544125125253,1310.4970714291358,-1.452016690550933,11.42562263570256,0,1,14.570030212402344,13.551944444444445
2426,242.6,187.384237776186,1310.2860663819195,186.67119755030186,1310.599120594574,-1.4528158394563762,11.300163404013071,0,1,14.069650650024414,13.686944444444444
2427,242.7,186.01323194783114,1310.4085178216412,185.35202860002505,1310.7062223035025,-1.4536000249237724,11.715740506548412,0,1,15.087740898132324,13.775
2428,242.8,184.62878488585702,1310.5198373129442,183.9978466411797,1310.7752315657474,-1.4612828275523093,10.872851077064825,0,1,14.533495903015137,13.85888888888889
2429,242.9,183.2376172070733,1310.6311568042477,182.68758661960172,1310.878586766569,-1.4618056025899036,10.737768735841472,0,1,13.984179496765137,13.959999999999999
2430,243.0,181.8397289114949,1310.7424762947599,181.3989424725111,1310.9784934391266,-1.4623432395602407,10.705990113768381,0,1,13.667061805725098,14.044999999999998
2431,243.099,180.42839938228232,1310.8649277336904,180.12140827078733,1311.078270853513,-1.4628684418687325,10.69928677110857,0,1,13.502778053283691,14.16388888888889
2432,243.2,179.0103492363049,1310.9762472249936,178.77721515314894,1311.1839031625439,-1.4634155117619796,10.974615397620378,0,1,14.169694900512695,14.263055555555555
2433,243.3,177.5721372398688,1311.0875667155058,177.3766179383823,1311.294079377651,-1.4639898519551695,11.23148991664154,0,1,14.763931274414062,14.401944444444444
2434,243.4,176.13392524346256,1311.2100181552273,175.944151147046,1311.4083462931414,-1.4645597423015835,11.312418796825414,0,1,14.786444664001465,14.466111111111111
2435,243.5,174.6755513966275,1311.3324695957401,174.4525160469323,1311.529029707972,-1.4651350051490268,11.854240239291592,0,1,16.082971572875977,14.606944444444444
2436,243.6,173.2171775497924,1311.4326571370427,172.88916040691691,1311.65322884589,-1.4657826678793122,12.160603211826833,0,1,16.638689041137695,14.648888888888887
2437,243.7,171.73864185254345,1311.543976627555,171.26091990471778,1311.7484542944906,-1.4720370130008404,11.846969511009663,0,1,17.885637283325195,14.768888888888888
2438,243.8,170.25338553848485,1311.6552961188584,169.52090651567823,1311.8859821317924,-1.4725027732549703,12.664124820665409,0,1,19.956344604492188,14.911111111111111
2439,243.9,168.75468799082196,1311.777747559371,167.77461207366022,1312.0245337271185,-1.4729709807818452,12.442794739240398,0,1,18.983379364013672,15.073055555555557
2440,244.0,167.24254920953985,1311.8779351006738,166.16725571348323,1312.1456457021343,-1.4735003771629331,12.026946225730848,0,1,17.535585403442383,15.146944444444445
2441,244.103,165.73713104508224,1311.989254591186,164.61221650269906,1312.2605842371795,-1.4740456331682612,12.00483430433991,0,1,17.10739517211914,15.134999999999998
2442,244.2,164.21827164699053,1312.1117060316985,163.20049431943164,1312.3629989757162,-1.4745669426746189,11.716979598962721,0,1,16.24561882019043,15.226944444444444
2443,244.3,162.67925039846995,1312.2007616237918,161.78579353255859,1312.4602091402728,-1.4751697894825218,11.585379414157472,0,1,15.677288055419922,15.438055555555554
2444,244.4,161.13350853318454,1312.3232130627225,160.38996830153891,1312.557167695738,-1.4757408047562925,11.501709638084346,0,1,15.277582168579102,15.518888888888888
2445,244.5,159.5810460510597,1312.445664503235,159.0155409307894,1312.6262330007078,-1.4805969489761228,10.707414959365188,0,1,14.483773231506348,15.64611111111111
2446,244.6,158.0017011017113,1312.5569839937475,157.64966523183946,1312.7208357806958,-1.480961828383528,10.68010542767783,0,1,14.321499824523926,15.841944444444445
2447,244.7,156.42907676918745,1312.6794354342599,156.26597548586375,1312.8181906315692,-1.4813109085680116,10.67788764776416,0,1,14.099098205566406,15.77888888888889
2448,244.8,154.84973181982411,1312.8018868739816,154.87893060613152,1312.9168198790876,-1.4816473165260564,10.607823380435047,0,1,13.633162498474121,15.866944444444444
2449,244.9,153.2502250201066,1312.9354702629128,153.4828691906019,1313.0187634397375,-1.4819503937022667,10.618142406381793,0,1,13.480929374694824,16.043055555555554
2450,245.0,151.63727698673998,1313.0690536526347,152.0975299912642,1313.1216550269796,-1.4822269026605888,10.409005808235221,0,1,12.523662567138672,16.17111111111111
2451,245.1,150.0243289533734,1313.2137689899841,150.72954063825588,1313.2266202529486,-1.4824529781611528,10.353990818865444,0,1,12.170604705810547,16.226944444444445
2452,245.199,148.39793968640248,1313.3362204297057,149.37633147815134,1313.3291490111571,-1.48269162565234,10.173379770375078,0,1,11.395263671875,16.305
2453,245.3,146.75810918579742,1313.4809357678462,147.99052711394705,1313.429461068056,-1.4844443634465307,9.846357619305547,0,1,11.338611602783203,16.42388888888889
2454,245.4,145.11155806841262,1313.6145191567773,146.58411151031407,1313.5399238556877,-1.484577914236346,9.809152117675342,0,1,11.108162879943848,16.538888888888888
2455,245.5,143.4582863342182,1313.7814983925457,145.1449544881047,1313.659234904334,-1.4846448719691672,9.858018228314561,0,1,11.155975341796875,16.64611111111111
2456,245.599,141.7915733664195,1313.9150817814766,143.69063973830396,1313.7788769777214,-1.484721655352122,9.809923863865103,0,1,10.810285568237305,16.721944444444443
2457,245.7,140.11813978179623,1314.0597971204081,142.20146063899222,1313.9025370733214,-1.4847861222165872,9.839540896655858,0,1,10.681748390197754,16.793888888888887
2458,245.8,138.43126496356868,1314.2156444069672,140.69186407785904,1314.0305496455553,-1.4848202246885849,9.890494240871204,0,1,10.74029541015625,16.95611111111111
2459,245.9,136.7376695285315,1314.371491694317,139.13843244951514,1314.1644055812603,-1.4848292735752233,9.998556043274213,0,1,11.012439727783203,17.028055555555557
2460,246.0,135.03063285989003,1314.5273389808758,137.54013365313716,1314.303655518795,-1.4848187730048956,10.097640661956492,0,1,11.214879989624023,17.165
2461,246.1,133.31687557443894,1314.6831862690167,135.8903379974136,1314.4516313409963,-1.4840941264183163,9.912288594808928,0,1,11.802229881286621,17.161944444444444
2462,246.2,131.59639767217826,1314.850165504785,134.1863708946474,1314.604099835322,-1.4840502248634075,10.04569450424625,0,1,12.233146667480469,17.29388888888889
2463,246.3,129.86247853629834,1315.0171447413443,132.46392676359775,1314.7603121188579,-1.4839822202130628,10.08917668193258,0,1,12.12879753112793,17.461111111111112
2464,246.4,128.12183878363865,1315.195255926322,130.73195111021383,1314.9209775223167,-1.483871876912055,10.222061325186566,0,1,12.391305923461914,17.498055555555556
2465,246.5,126.36775779735977,1315.3511032128808,128.9931479755668,1315.0812012289161,-1.4837706252145495,10.242294251944461,0,1,12.20615005493164,17.618888888888886
2466,246.6,124.60695619425633,1315.5292143986496,127.25941364449098,1315.24390317306,-1.4836322575304426,10.300751434521631,0,1,12.183980941772461,17.726944444444445
2467,246.7,122.83943397437314,1315.6850616852087,125.52178899325551,1315.4053923933486,-1.4835107755579542,10.358583403878198,0,1,12.167011260986328,17.776944444444442
2468,246.8,121.05847052085578,1315.8520409217679,123.76300626768379,1315.576972935696,-1.481728397676768,10.088588091468646,0,1,12.53823471069336,17.874999999999996
2469,246.9,119.26406583373412,1316.007888209118,121.95576601525788,1315.7434719414357,-1.4816631335783714,10.282833307781955,0,1,13.177397727966309,18.043888888888887
2470,246.999,117.46294052981779,1316.174867444886,120.12918055716064,1315.9119826463932,-1.4815955414169235,10.382543558634335,0,1,13.30900764465332,18.118055555555554
2471,247.102,115.65509460909183,1316.3418466814455,118.22959242617084,1316.0871582313785,-1.481526354299238,10.664844244040525,0,1,13.86847972869873,18.146111111111114
2472,247.2,113.83380745474666,1316.4976939680043,116.86167451772093,1316.2095976434832,-1.481526354299238,12.568546156321508,1,0,14.159818649291992,18.28388888888889
2473,247.299,112.0125203004015,1316.6646732045635,115.3594446797865,1316.3440590297016,-1.481526354299238,15.200544186792184,1,0,16.309585571289062,18.328888888888887
2474,247.4,110.17779191245204,1316.8205204919136,113.76794033005795,1316.4865111869103,-1.481526354299238,16.883976316915465,1,0,15.331343650817871,18.435
2475,247.5,108.32290167408865,1316.9763677792635,112.2293590911793,1316.6242263094337,-1.481526354299238,19.023370470553257,1,0,15.563301086425781,18.658055555555553
2476,247.6,106.47473205250503,1317.1433470150316,110.62201868837889,1316.7680959179502,-1.481526354299238,21.62227060850828,1,0,16.712024688720703,18.589999999999996
2477,247.7,104.60640058055228,1317.288062353172,109.0137203347622,1316.9120512705995,-1.481526354299238,23.364706978713365,1,0,15.582536697387695,18.756944444444446
2478,247.8,102.72462787495046,1317.4439096397311,107.51400321274235,1317.04628774898,-1.481526354299238,25.16559820951686,1,0,14.531718254089355,18.908055555555556
2479,247.9,100.84285516936355,1317.6108888762903,106.04417824066103,1317.1778486448254,-1.481526354299238,27.61426610014796,1,0,14.982303619384766,18.90888888888889
2480,248.0,98.94764123014248,1317.7556042144308,104.52556080127987,1317.3137768502693,-1.481526354299238,30.19964148683184,1,0,15.511468887329102,19.03611111111111
2481,248.102,97.04570667414168,1317.9225834501992,102.94833118252481,1317.4549513067786,-1.481526354299238,32.70363358687525,1,0,15.538239479064941,19.07194444444444
2482,248.2,95.14377211814086,1318.07843073834,101.34034787551728,1317.5988784602785,-1.481526354299238,36.16740418289809,1,0,17.408939361572266,19.145
2483,248.3,93.22167571169629,1318.2231460756896,99.61483785160775,1317.7533251793423,-1.481526354299238,38.80270705316547,1,0,17.239227294921875,19.266111111111112
2484,248.4,91.28613807164741,1318.390125311458,97.7481834399186,1317.9204054312772,-1.481526354299238,43.56693584635998,1,0,20.243112564086914,19.39388888888889
2485,248.5,89.357321048438,1318.5459725988078,95.7807846132083,1318.0965031007574,-1.481526354299238,46.06716981710512,1,0,19.262170791625977,19.42611111111111
2486,248.6,87.41506279159444,1318.7018198861576,93.98768011689297,1318.2570000567628,-1.481526354299238,47.6199600549753,1,0,16.743289947509766,19.466944444444444
2487,248.7,85.46608391794126,1318.8576671727167,92.33847180162965,1318.4046171727548,-1.481526354299238,50.47944899523461,1,0,16.37274169921875,19.603055555555553
2488,248.8,83.49694319387417,1319.002382510857,90.77697749058134,1318.544383195459,-1.481526354299238,52.76981313970594,1,0,14.981996536254883,19.714999999999996
2489,248.9,81.53452308661672,1319.158229798207,89.15248183669792,1318.6897883338813,-1.481526354299238,57.62700206881335,1,0,17.637805938720703,19.72888888888889
2490,249.0,79.5519411289304,1319.3029451363475,87.50819445351071,1318.8369649877473,-1.481526354299238,59.56790412700549,1,0,15.379413604736328,19.85111111111111
2491,249.1,77.5626385544494,1319.447660474488,85.95995553160355,1318.9755445488636,-1.481526354299238,63.12093757666185,1,0,15.70915699005127,19.95611111111111
2492,249.199,75.56661536315879,1319.5923758126285,84.4695120165519,1319.1089509664791,-1.481526354299238,65.75666306058555,1,0,14.521187782287598,20.02
2493,249.299,73.56387155507349,1319.737091149978,83.07189202919416,1319.2340489482667,-1.481526354299238,68.5318133698605,1,0,13.542961120605469,20.11111111111111
2494,249.399,71.54096589655937,1319.8929384373278,81.66050371918973,1319.3603793032253,-1.481526354299238,72.72133008387704,1,0,14.79765510559082,20.256944444444443
2495,249.5,69.52478085485484,1320.0376537754682,80.2122725262788,1319.49000738599,-1.481526354299238,75.81909233760295,1,0,13.994839668273926,20.24388888888889
2496,249.6,67.50187519634072,1320.2046330120274,78.79395462709005,1319.616957993685,-1.481526354299238,79.75200923853131,1,0,14.484922409057617,20.346111111111114
2497,249.7,65.47224892101697,1320.3604802985865,77.32308540787946,1319.748612357862,-1.481526354299238,83.92872280760238,1,0,15.050067901611328,20.396944444444443
2498,249.8,63.41574017848464,1320.5274595351457,75.8154203811844,1319.8835602362246,-1.481526354299238,88.01123296609781,1,0,15.223780632019043,20.581944444444442
2499,249.9,61.37267266955659,1320.694438770914,74.31923171925388,1320.017480889674,-1.481526354299238,91.7738477449058,1,0,14.819622993469238,20.586944444444445
2500,250.0,59.30944331021465,1320.8614180074733,72.85269488841513,1320.1487474710157,-1.481526354299238,95.74011229100057,1,0,14.628373146057129,20.69888888888889
2501,250.1,57.23949333404814,1321.006133345614,71.41754298649842,1320.2772048543618,-1.481526354299238,99.57784639179448,1,0,14.189414978027344,20.73611111111111
2502,250.2,55.169543357896586,1321.1731125821732,70.00793750037802,1320.40337563256,-1.481526354299238,103.72576899066854,1,0,14.115402221679688,20.83
2503,250.3,53.09959338175994,1321.351223767151,68.59836801459033,1320.5295431884454,-1.481526354299238,108.07973047513902,1,0,14.188692092895508,20.828055555555558
2504,250.399,51.00276093836993,1321.5070710537098,67.17982994629322,1320.6565135030073,-1.481526354299238,112.78112760252671,1,0,14.583209991455078,20.998055555555556
2505,250.5,48.91264911180445,1321.6517863918502,65.73656256289999,1320.7856972857776,-1.481526354299238,117.02262068980009,1,0,14.11059856414795,21.001944444444444
2506,250.6,46.80237543482507,1321.8187656284097,64.3576901052106,1320.909117216202,-1.481526354299238,121.17406894517053,1,0,13.57710075378418,21.113055555555558
2507,250.7,44.705542991449974,1321.9634809665502,63.01014434899154,1321.029733160446,-1.481526354299238,125.68478053241144,1,0,13.481559753417969,21.078055555555554
2508,250.8,42.5952693144706,1322.119328253109,61.668971696596266,1321.1497786617704,-1.481526354299238,130.3279644118669,1,0,13.449129104614258,21.153055555555557
2509,250.899,40.471554403857056,1322.2417796928305,60.35382772957886,1321.2674943910258,-1.481526354299238,134.8479221169784,1,0,13.225652694702148,21.306944444444444
2510,251.0,38.34111887646377,1322.3530991841337,59.00540297393363,1321.3881890126322,-1.481526354299238,140.0313368451169,1,0,13.582575798034668,21.313055555555557
2511,251.1,36.20396273224593,1322.4866825730649,57.635192870801916,1321.5108335941902,-1.481526354299238,145.36556071995813,1,0,13.931183815002441,21.38611111111111
2512,251.2,34.060085971203556,1322.5868701143677,56.2674100355119,1321.6332609161848,-1.481526354299238,150.199095661217,1,0,13.533836364746094,21.43611111111111
2513,251.3,31.95653291104871,1322.7649813001365,54.90596919557841,1321.7551205797124,-1.481526354299238,155.67793405041476,1,0,13.803836822509766,21.221944444444443
2514,251.4,29.8193767668458,1322.887432739858,53.54251214701604,1321.8771607097706,-1.481526354299238,160.85929667080015,1,0,13.574321746826172,21.468888888888888
2515,251.5,27.688941239437575,1323.0432800272079,52.17904635958653,1321.9992016220262,-1.481526354299238,166.54760853469125,1,0,13.804012298583984,21.36
2516,251.6,25.551785095234667,1323.1768634161388,50.8396245202254,1322.1190904118132,-1.481526354299238,171.47481162769728,1,0,13.091520309448242,21.386944444444442
2517,251.7,23.421349567826447,1323.3327107026978,49.50638352961138,1322.238425967022,-1.481526354299238,177.61619222888737,1,0,13.679901123046875,21.43111111111111
2518,251.799,21.284193423623535,1323.4774260408383,48.14598729918524,1322.3601921297825,-1.481526354299238,183.64749380969167,1,0,13.91272258758545,21.44805555555556
2519,251.9,19.14703727942063,1323.6221413789788,46.727725801784786,1322.4871376890737,-1.481526354299238,190.16498306547433,1,0,14.283940315246582,21.43111111111111
2520,252.0,17.003160518408105,1323.7668567171193,45.31326202796739,1322.6137433222334,-1.481526354299238,196.28052815016554,1,0,14.118431091308594,21.53888888888889
2521,252.1,14.852563140585971,1323.922704004469,43.90242873101397,1322.7400239991584,-1.481526354299238,202.7697902038409,1,0,14.211040496826172,21.551944444444445
2522,252.199,12.715406996368138,1324.078551291819,42.515801782100915,1322.86413801754,-1.481526354299238,208.9135644225532,1,0,13.913615226745605,21.456944444444446
2523,252.3,10.578250852165228,1324.2232666283776,41.14072226156493,1322.987218450256,-1.481526354299238,215.00311394878113,1,0,13.424540519714355,21.505000000000003
2524,252.4,8.434374091152705,1324.3679819673089,39.807329955566644,1323.106567549382,-1.481526354299238,221.4500634761647,1,0,13.349919319152832,21.50111111111111
2525,252.5,6.2972179469348735,1324.523829254659,38.486275077708726,1323.2248123516497,-1.481526354299238,227.8840089025213,1,0,13.17680549621582,21.466944444444447
2526,252.6,4.160061802731963,1324.6685445927994,37.158779227324786,1323.3436336716197,-1.481526354299238,234.9335889511337,1,0,13.479253768920898,21.439999999999998
2527,252.701,2.029626275323742,1324.8132599301487,35.81578938260114,1323.4638418259506,-1.481526354299238,241.64216649005783,1,0,13.220922470092773,21.356944444444444
2528,252.8,-0.09408863527486841,1324.9691072174987,34.51446883251292,1323.5803202506634,-1.481526354299238,248.48725096655775,1,0,13.173481941223145,21.334999999999997
2529,252.9,-2.211082929048944,1325.1249545048486,33.19945640634318,1323.6980242059785,-1.481526354299238,255.64506053431094,1,0,13.231910705566406,21.253888888888888
2530,253.0,-4.334797839662477,1325.269669842989,31.88517818749465,1323.8156624439634,-1.481526354299238,262.7988734689389,1,0,13.15873908996582,21.31611111111111
2531,253.1,-6.445071516641866,1325.4143851811295,30.59548639139092,1323.9311000037292,-1.481526354299238,269.6261384709365,1,0,12.738216400146484,21.248888888888892
2532,253.2,-8.562065810401018,1325.5702324676884,29.328365806773437,1324.044517262534,-1.481526354299238,276.8744421903913,1,0,12.705510139465332,21.203055555555554
2533,253.301,-10.665618870615562,1325.7372117042478,28.065959965411245,1324.157512514734,-1.481526354299238,283.96417724030607,1,0,12.392563819885254,21.138055555555553
2534,253.4,-12.755730697181038,1325.8930589908066,26.833346071951578,1324.2678411532695,-1.481526354299238,291.5398909879817,1,0,12.608278274536133,21.043888888888887
2535,253.5,-14.845842523746516,1326.0489062781564,25.579209116704316,1324.3800962751236,-1.481526354299238,299.11154431685856,1,0,12.574737548828125,20.936944444444446
2536,253.6,-16.915792499898078,1326.2047535655065,24.331324820895002,1324.491791734778,-1.481526354299238,306.72053048829446,1,0,12.482725143432617,20.87611111111111
2537,253.699,-18.99246309287418,1326.3383369544374,23.08471918282689,1324.6033727445074,-1.481526354299238,314.87266296441527,1,0,12.801908493041992,20.811944444444446
2538,253.8,-21.015368751373384,1326.59437178309,21.823177403127268,1324.7162906563924,-1.481526354299238,322.37260930268303,1,0,12.278986930847168,20.478055555555557
2539,253.9,-23.051715643491814,1326.7836149172774,20.601859880840443,1324.8256081808568,-1.481526354299238,330.29825846022186,1,0,12.245016098022461,20.56611111111111
2540,254.0,-25.094783152419858,1326.961726103046,19.365554489002605,1324.9362672375323,-1.481526354299238,338.8340392685669,1,0,12.57994270324707,20.503888888888888
2541,254.101,-27.117688810933988,1327.117573389605,18.08256562721548,1325.0511048319552,-1.481526354299238,347.80799563386836,1,0,12.927345275878906,20.339999999999996
2542,254.2,-29.133873852638505,1327.2734206769549,16.804796987556198,1325.1654751754381,-1.481526354299238,356.5469137245537,1,0,12.989360809326172,20.308888888888887
2543,254.3,-31.150058894343026,1327.4181360150951,15.513691252247781,1325.281039293884,-1.481526354299238,365.3951694361615,1,0,12.935986518859863,20.183888888888887
2544,254.4,-33.14608208563364,1327.5739833024452,14.226442919386262,1325.3962581444707,-1.481526354299238,374.4052958696837,1,0,12.911904335021973,20.103888888888886
2545,254.5,-35.14210527693917,1327.7186986397946,12.946116624187999,1325.5108574182416,-1.481526354299238,383.41897486667233,1,0,12.796992301940918,20.021944444444443
2546,254.6,-37.12468723461055,1327.8745459271445,11.666671862212382,1325.6253777878553,-1.481526354299238,392.83142007999624,1,0,12.894203186035156,19.903055555555557
2547,254.7,-39.100548575472324,1328.0303932144943,10.381776991760312,1325.7403859850454,-1.481526354299238,402.33083473189765,1,0,12.9064302444458,19.858888888888888
2548,254.8,-41.06296868274472,1328.1862405018444,9.06417890578161,1325.8583213772506,-1.481526354299238,412.98925035276255,1,0,13.550882339477539,19.74111111111111
2549,254.9,-43.02538879000219,1328.3309558391938,7.752722438635953,1325.9757070462638,-1.481526354299238,421.99839394306605,1,0,12.783106803894043,19.711944444444445
2550,255.0,-44.98108828045005,1328.4645392281247,6.483144522574058,1326.089344255561,-1.481526354299238,431.7741131317227,1,0,12.709962844848633,19.62
2551,255.101,-46.930067154103234,1328.598122617847,5.215348621101056,1326.202821960536,-1.481526354299238,441.53802835465075,1,0,12.495271682739258,19.541944444444443
2552,255.2,-48.865604794137184,1328.7428379551964,3.9914055308791787,1326.312374493982,-1.481526354299238,451.1866137181626,1,0,12.329702377319336,19.435000000000002
2553,255.3,-50.79442181736152,1328.8875532933369,2.7703835627779076,1326.421665564022,-1.481526354299238,461.01366252708004,1,0,12.188365936279297,19.371111111111112
2554,255.4,-52.71651822380609,1329.0322686314773,1.5427116492411148,1326.5315518564835,-1.481526354299238,471.55090672710355,1,0,12.46323299407959,19.295
2555,255.5,-54.631894013426134,1329.1769839696178,0.31492005121959243,1326.6414488616476,-1.481526354299238,481.5604750708784,1,0,12.19076919555664,19.261944444444445
2556,255.6,-56.54054918623656,1329.3105673593398,-0.9068816707981138,1326.7508097257964,-1.481526354299238,492.2137213515732,1,0,12.34295654296875,19.188888888888886
2557,255.7,-58.435763125427755,1329.4552826966892,-2.126399603874269,1326.859966172872,-1.481526354299238,502.5623297223917,1,0,12.14491081237793,19.011944444444442
2558,255.8,-60.33097706464881,1329.5888660856203,-3.3389496677288757,1326.9684989408465,-1.481526354299238,513.3388001818568,1,0,12.203042030334473,19.023055555555555
2559,255.9,-62.219470387030405,1329.7335814237608,-4.538675776513573,1327.075883863976,-1.481526354299238,523.6963652132931,1,0,11.887406349182129,18.94888888888889
2560,256.0,-64.10796370944185,1329.867164812692,-5.715268679166071,1327.1811981832036,-1.481526354299238,534.2391947691757,1,0,11.73852825164795,18.933888888888887
2561,256.1,-65.98973641504368,1330.000748201623,-6.8768902401253005,1327.2851724495931,-1.481526354299238,544.808523607125,1,0,11.586782455444336,18.883055555555554
2562,256.2,-67.85806788701136,1330.134331590554,-8.022154731528785,1327.3876826296016,-1.481526354299238,555.3615519567878,1,0,11.410079002380371,18.796944444444442
2563,256.3,-69.73311997583342,1330.2790469286945,-9.150758762707806,1327.4887015673778,-1.481526354299238,565.9457252848227,1,0,11.252241134643555,18.77611111111111
2564,256.4,-71.60145144778619,1330.401498368416,-10.270909174769137,1327.5889638397514,-1.481526354299238,576.781056698905,1,0,11.240330696105957,18.721944444444443
2565,256.5,-73.44962106933995,1330.5462137065565,-11.366783346375888,1327.6870531976606,-1.481526354299238,586.9825116622035,1,0,10.764775276184082,18.618055555555557
2566,256.6,-75.31123192452787,1330.6797970954876,-12.440430494377672,1327.7831530621315,-1.481526354299238,597.7458096643487,1,0,10.794013023376465,18.666111111111114
2567,256.7,-77.15940154608164,1330.8133804844188,-13.527339775645277,1327.8804399918424,-1.481526354299238,609.0137877235558,1,0,11.031078338623047,18.56111111111111
2568,256.8,-79.00757116765031,1330.9469638733497,-14.670517625050763,1327.9827634009798,-1.481526354299238,621.7943963641687,1,0,11.923883438110352,18.508055555555554
2569,256.9,-80.85574078921901,1331.0694153130712,-15.858206371795754,1328.0890708855275,-1.481526354299238,633.957700938548,1,0,11.92485523223877,18.55
2570,257.0,-82.6971897939781,1331.2141306512117,-17.090829470987096,1328.1994003480484,-1.481526354299238,647.9924547195402,1,0,12.826163291931152,18.51111111111111
2571,257.1,-84.53863879873718,1331.3365820909335,-18.337508278070015,1328.31098790698,-1.481526354299238,660.132349037608,1,0,12.207093238830566,18.496944444444445
2572,257.2,-86.38008780349627,1331.4701654798644,-19.567993251936038,1328.4211259904669,-1.481526354299238,673.6405122326508,1,0,12.500991821289062,18.45611111111111
2573,257.3,-88.22153680824043,1331.6037488687955,-23.99789926135198,1327.7649953623875,-1.4918616315429556,396.05407253943287,0,1,12.022274017333984,18.47694444444444
2574,257.399,-90.0629858129995,1331.7373322569356,-31.731829245448925,1327.8688818254384,-1.4948870214928476,298.5031198255593,0,1,11.93342113494873,18.508055555555554
2575,257.499,-91.9111554345682,1331.8597836974484,-41.745057793954956,1328.276148433592,-1.4973563199339692,214.045718978874,0,1,11.824397087097168,18.485000000000003
2576,257.6,-93.75260443932729,1331.9933670863793,-53.84801162579065,1328.9875471069372,-1.4991556425021795,145.91334401451257,0,1,12.637017250061035,18.48611111111111
2577,257.7,-95.60077406088105,1332.1158185268919,-66.84020708686054,1329.8814900219675,-1.5003433952567256,93.4724143103104,0,1,12.360225677490234,18.536944444444444
2578,257.8,-97.45566429927429,1332.249401915823,-78.88617521012965,1330.777596720798,-1.5010027078993997,56.20205379107233,0,1,12.193187713623047,18.58611111111111
2579,257.9,-99.31055453763766,1332.3829853047541,-88.53998964176105,1331.5206240356058,-1.5012838045171661,32.25354808783125,0,1,12.66517448425293,18.623055555555556
2580,258.0,-101.15872415919144,1332.4831728460567,-94.00399929945013,1331.9268200466604,-1.5018422787735342,21.54246638869271,0,1,13.43187427520752,18.56888888888889
2581,258.1,-103.01361439756974,1332.6167562349879,-97.54808169240502,1332.1900328777635,-1.5018428484185178,17.29503563312765,0,1,13.813949584960938,18.64388888888889
2582,258.2,-104.86850463593312,1332.7392076755004,-100.34451374514923,1332.3932604822069,-1.501832493118365,14.902153694942013,0,1,13.441786766052246,18.628888888888888
2583,258.3,-106.73683610791574,1332.8505271660126,-102.75366427478305,1332.5626615922658,-1.5018481543075286,13.462468320337056,0,1,13.050765037536621,18.726111111111113
2584,258.4,-108.61860881350265,1333.0286383509904,-104.95351210750135,1332.7269666703526,-1.5017511900307918,12.63488667182658,0,1,12.939680099487305,18.788888888888888
2585,258.5,-110.48694028550017,1333.1399578415028,-107.03846373530025,1332.876931020829,-1.501705698246348,12.162290305149574,0,1,12.97461986541748,18.773888888888887
2586,258.6,-112.37543360788175,1333.306937078062,-109.06348555700637,1333.0285370187257,-1.5015757345746577,11.909259007353658,0,1,13.092920303344727,18.916944444444443
2587,258.7,-114.2639269302932,1333.4627843654118,-111.04743139808748,1333.1855646456897,-1.5000811689804718,11.045214180270111,0,1,13.05013656616211,18.94888888888889
2588,258.8,-116.15242025268972,1333.574103855924,-113.01382396680795,1333.3297151321613,-1.5000230030291508,11.007123444486618,0,1,13.373678207397461,18.946944444444444
2589,258.9,-118.05435480866066,1333.7299511432739,-114.97399071029622,1333.476417519036,-1.4999271807159373,10.972572094694574,0,1,13.37548828125,19.061111111111114
2590,259.0,-119.96300998151588,1333.8746664814144,-116.93028590855124,1333.6232237583479,-1.4998232956631203,11.052645652638176,0,1,13.631796836853027,19.11611111111111
2591,259.1,-121.87166515432632,1334.0082498703455,-118.90197729268331,1333.7694676578521,-1.499738617917374,11.211534740948485,0,1,14.033951759338379,19.163055555555555
2592,259.2,-123.78704094394634,1334.1418332592766,-120.88661277142599,1333.9151809749617,-1.4996726316493856,11.325126661762498,0,1,14.233078002929688,19.2
2593,259.299,-125.709137350376,1334.286548596626,-122.83587413213854,1334.059075490035,-1.4995957712859693,11.202417001850007,0,1,13.77619457244873,19.278888888888886
2594,259.4,-127.63123375680566,1334.4312639347665,-124.78066963327123,1334.2045110013546,-1.4992689042838583,10.620326635757307,0,1,13.688021659851074,19.265
2595,259.502,-129.56005078002997,1334.5648473236974,-126.70574084388056,1334.3456494672155,-1.4992255798867844,10.503820360460022,0,1,13.089728355407715,19.34611111111111
2596,259.6,-131.4955884200639,1334.6984307126286,-128.56046341161525,1334.4803090242408,-1.4992007692567955,10.517520878795043,0,1,13.082544326782227,19.446944444444444
2597,259.7,-133.4378466769075,1334.8320141015597,-130.43407687598994,1334.6150411279282,-1.4991929333827354,10.466708261761351,0,1,12.683494567871094,19.463888888888885
2598,259.8,-135.38010493375106,1334.9878613889093,-132.3196506397453,1334.753515092805,-1.4991477536400468,10.641412421419302,0,1,13.10605239868164,19.531944444444445
2599,259.901,-137.33580442421385,1335.13257672705,-134.23193155255214,1334.8941757105292,-1.4990991644135678,10.617389373021096,0,1,12.774149894714355,19.62194444444444
2600,260.0,-139.29150391467664,1335.2661601151901,-136.10916205532038,1335.030549306481,-1.4990752704864685,10.611730613681985,0,1,12.637056350708008,19.62611111111111
2601,260.1,-141.2539240219341,1335.422007403331,-137.99418626666596,1335.1708049187719,-1.4988370030990588,10.127751599923371,0,1,12.3749361038208,19.69694444444444
2602,260.201,-143.21634412919158,1335.5555907922621,-139.90114122130908,1335.3097523930385,-1.498816911347496,10.218487788231707,0,1,12.587015151977539,19.741944444444442
2603,260.3,-145.19220547005335,1335.7003061304024,-141.78838829076605,1335.4474384775592,-1.4987954217087145,10.153827976266662,0,1,12.157243728637695,19.825
2604,260.4,-147.17478742772474,1335.8672853669616,-143.68966066434166,1335.5900964334746,-1.4987271323564317,10.247537964670608,0,1,12.300592422485352,19.911944444444448
2605,260.5,-149.16409000222066,1336.012000705102,-145.5902650450351,1335.73202008922,-1.4986671820844326,10.174531153533387,0,1,11.794671058654785,19.915
2606,260.6,-151.15339257667182,1336.1678479916611,-147.49041281151713,1335.875293051253,-1.4985901947023184,10.26344213823831,0,1,11.94105339050293,19.956944444444442
2607,260.7,-153.14269515118264,1336.323695279011,-149.41425516258056,1336.0214384949086,-1.498498341350492,10.336019893843742,0,1,12.012618064880371,20.02
2608,260.8,-155.14543895928287,1336.5018064639887,-151.40001857815437,1336.182154352714,-1.4972361020453642,10.241427657466378,0,1,13.125578880310059,20.058055555555555
2609,260.9,-157.15490338417774,1336.668785699757,-153.43718625295008,1336.3432534804817,-1.4971051690465451,10.287789508047032,0,1,13.144725799560547,20.15388888888889
2610,261.0,-159.1778090426919,1336.8135010371066,-155.47295335537237,1336.501746893123,-1.4970021797059374,10.364174803485032,0,1,13.14773941040039,20.311111111111114
2611,261.1,-161.1939940843964,1336.9804802744568,-157.50574263678556,1336.6618883860788,-1.496877117563756,10.439102648402914,0,1,13.150410652160645,20.243055555555554
2612,261.2,-163.21689974291053,1337.1919873070628,-159.5756658438285,1336.8341287938674,-1.496636005304899,10.779229966216505,0,1,14.078243255615234,20.419999999999998
2613,261.3,-165.23308478461507,1337.358966542831,-161.6543679893309,1337.0071339698884,-1.4963897027860118,10.71246363003129,0,1,13.572244644165039,20.25888888888889
2614,261.4,-167.28287291035272,1337.537077727809,-163.69908281957998,1337.1903307062591,-1.4939459211957025,10.269950712047697,0,1,13.396904945373535,20.52611111111111
2615,261.5,-169.33266103609037,1337.6817930667403,-165.72810769085143,1337.3567924055365,-1.4938099753590706,10.25232595078133,0,1,13.160029411315918,20.560000000000002
2616,261.6,-171.37572854501843,1337.882168149346,-167.7474790842653,1337.5284669720256,-1.4936099455000562,10.310888651536239,0,1,13.111346244812012,20.53388888888889
2617,261.7,-173.4389579043753,1338.0602793351147,-169.77821143759428,1337.7017795988777,-1.4934018918111815,10.419594055689222,0,1,13.260872840881348,20.741111111111113
2618,261.8,-175.4887460300831,1338.2495224693018,-171.81706442342602,1337.8785113689235,-1.4931605901112528,10.483191142303411,0,1,13.232108116149902,20.62194444444444
2619,261.9,-177.5586960062496,1338.4276336542796,-173.85502319763106,1338.055273686006,-1.4929180485332953,10.521027848516995,0,1,13.117891311645508,20.736944444444447
2620,262.0,-179.61520474881178,1338.6057448400484,-175.89101701770193,1338.2407674177944,-1.490971874498923,10.16566689485372,0,1,13.12841510772705,20.731944444444444
2621,262.1,-181.6784341081239,1338.8061199234448,-177.9301185584953,1338.4219329855032,-1.4907549641306204,10.191245172286449,0,1,13.073526382446289,20.723055555555558
2622,262.2,-183.75510470109998,1338.9842311084226,-179.96444113690157,1338.6019221439144,-1.4905486087426423,10.211575773788852,0,1,12.866728782653809,20.833888888888886
2623,262.3,-185.82505467725156,1339.1734742426097,-182.00353215349165,1338.7836383012852,-1.4903279268018474,10.324639399400825,0,1,13.048653602600098,20.805
2624,262.4,-187.89500465340313,1339.3515854283785,-184.06044512086635,1338.9659694965162,-1.490116922099525,10.42760047524455,0,1,13.173502922058105,20.81388888888889
2625,262.5,-189.96495462955465,1339.5408285625656,-186.14287713358462,1339.1516500753887,-1.489889766519543,10.621004195949363,0,1,13.610336303710938,20.793055555555558
2626,262.6,-192.04162522250093,1339.7189397475433,-188.24270710310662,1339.3462094335764,-1.4880102637239,10.261399957769852,0,1,13.629889488220215,20.87
2627,262.7,-194.118295815477,1339.9081828817307,-190.33074415356572,1339.532620802581,-1.4878466409479052,10.252784158355306,0,1,13.405878067016602,20.831944444444446
2628,262.8,-196.18824579161367,1340.0862940674992,-192.39271201204096,1339.7158902308427,-1.487696245908225,10.24761267145149,0,1,13.075681686401367,20.85388888888889
2629,262.9,-198.26491638458978,1340.264405252477,-194.46228374353694,1339.898834665653,-1.4875582006689252,10.434418800146624,0,1,13.530797004699707,20.82111111111111
2630,263.0,-200.3348663607264,1340.4425164382458,-196.5538281087313,1340.0829125514565,-1.4874294365249752,10.530677879729792,0,1,13.601649284362793,20.81388888888889
2631,263.1,-202.4115369536876,1340.6206276240143,-198.64719432393346,1340.2664596175962,-1.4873099902839986,10.61621488298889,0,1,13.633101463317871,20.86611111111111
2632,263.2,-204.48820754663384,1340.7987388074102,-200.74272226133817,1340.452648695638,-1.4866080332782912,10.276891973306867,0,1,13.725213050842285,20.85194444444444
2633,263.3,-206.57159875640463,1340.9657180447605,-202.8527462236833,1340.6345035752663,-1.4865542951204462,10.395333579903198,0,1,14.023591995239258,20.933888888888887
2634,263.4,-208.65498996616049,1341.13269728132,-205.0039709667678,1340.8176877308322,-1.4865263682587755,10.691372671943865,0,1,14.818358421325684,20.93
2635,263.499,-210.74510179274088,1341.3108084662977,-207.30612681477447,1341.0136627591373,-1.4864997747203526,11.85296824867465,0,1,18.23830223083496,20.961944444444445
2636,263.599,-212.83521361930636,1341.4666557528565,-209.7154523762625,1341.2147552871127,-1.4865255476319141,11.886562037278033,0,1,17.88357162475586,20.96111111111111
2637,263.7,-214.92532544587183,1341.6336349886249,-212.07243161965886,1341.4100540742288,-1.4865731082857652,12.030641721186187,0,1,17.854360580444336,20.97888888888889
2638,263.799,-217.02215788926185,1341.800614225184,-214.3249406366534,1341.58999283576,-1.4875088825650788,11.217860568100242,0,1,17.11455535888672,21.041944444444447
2639,263.899,-219.11899033262202,1341.956461512534,-216.5213272816028,1341.7672905684992,-1.4875862508721518,11.186215073447629,0,1,16.773284912109375,21.021944444444443
2640,263.999,-221.21582277598216,1342.1234407490933,-218.63303984714213,1341.9370175112222,-1.4876693711292048,10.91950196202821,0,1,15.470983505249023,21.066111111111113
2641,264.101,-223.3193758361818,1342.2792880356521,-220.71078429305282,1342.101395284071,-1.4877841873630844,10.993655046622507,0,1,15.338319778442383,21.121111111111112
2642,264.2,-225.42292889635158,1342.435135323002,-222.71770680664633,1342.2578254708703,-1.4879250044557122,10.840514174522708,0,1,14.610873222351074,21.103888888888886
2643,264.3,-227.5264819565512,1342.6021145595614,-224.70983156702894,1342.413318092609,-1.4880607816753255,10.819598314750401,0,1,14.30529499053955,21.18611111111111
2644,264.4,-229.63675563351566,1342.7579618469113,-226.70617088662473,1342.5596439366404,-1.4895499131025367,10.409892595946966,0,1,14.23313045501709,21.145
2645,264.5,-231.74702931050996,1342.91380913347,-228.71185074762738,1342.7129055846992,-1.4896751454547001,10.41161777677186,0,1,14.09499454498291,21.175
2646,264.6,-233.85058237069464,1343.0585244716106,-230.74748023830332,1342.8654989482905,-1.4898345506988184,10.603797160490464,0,1,14.567157745361328,21.175
2647,264.7,-235.96757666448366,1343.225503707379,-232.78746196338466,1343.019644724658,-1.4899792173994952,10.503694072171864,0,1,13.880208969116211,21.261944444444445
2648,264.8,-238.08457095828757,1343.3702190455194,-234.8005868748878,1343.1686686512996,-1.4901584667882979,10.504034711184682,0,1,13.62001895904541,21.265
2649,264.9,-240.20156525206167,1343.5260663336603,-236.83108060658344,1343.3186144848103,-1.4903432019554883,10.64324582833791,0,1,13.888911247253418,21.256111111111107
2650,265.0,-242.31855954586555,1343.6707816710098,-238.87767117504802,1343.4586904495961,-1.4921933503799356,10.23259665068499,0,1,13.648917198181152,21.231944444444444
2651,265.1,-244.4355538396397,1343.8154970091502,-240.94019309573363,1343.6068032665717,-1.4923658980695875,10.356817605356838,0,1,14.008407592773438,21.223055555555558
2652,265.2,-246.53910689982436,1343.9602123472907,-243.02381673296614,1343.7551698695613,-1.4925527095747957,10.432985323185525,0,1,13.993529319763184,21.15888888888889
2653,265.3,-248.64938057681863,1344.1049276846402,-245.1312978880006,1343.9041632121473,-1.4927541677148928,10.640281150733543,0,1,14.47554874420166,21.155
2654,265.4,-250.75965425378317,1344.2607749711992,-247.2380946462311,1344.0540208728628,-1.4929452782576236,10.587138548975286,0,1,13.965888977050781,21.211111111111112
2655,265.501,-252.86320731396782,1344.41662225934,-249.3278996657031,1344.2034055324727,-1.493125556005895,10.626204522782341,0,1,13.780308723449707,21.10611111111111
2656,265.599,-254.96676037415256,1344.5613375974806,-251.34565495935578,1344.3386063422593,-1.4947270585896386,10.07391688586793,0,1,13.036111831665039,21.121944444444445
2657,265.7,-257.0635928175276,1344.7060529356208,-253.4028123689308,1344.4832961126629,-1.49487425711381,10.257369714311531,0,1,13.591302871704102,21.07111111111111
2658,265.8,-259.16042526090274,1344.8619002229707,-255.48602849748175,1344.6312064452975,-1.4950062967053854,10.376367111987966,0,1,13.772125244140625,20.99611111111111
2659,265.9,-261.2505370874831,1345.0177475095297,-257.5867046170433,1344.781597717644,-1.495124397510991,10.509912535080192,0,1,13.98332405090332,21.01
2660,266.0,-263.3406489140486,1345.1735947968796,-259.69191489064286,1344.9332984166354,-1.4952303334086179,10.574834766725047,0,1,13.92253589630127,21.026944444444446
2661,266.1,-265.4374813574237,1345.340574032648,-261.7825123719623,1345.0865856891999,-1.4953024809472861,10.582445322444876,0,1,13.666158676147461,20.999999999999996
2662,266.199,-267.52759318400405,1345.4852893707885,-263.85264639880216,1345.2347141381974,-1.4957825003633378,10.235475948105561,0,1,13.727335929870605,21.035
2663,266.3,-269.61770501055463,1345.6411366581383,-265.9478024361892,1345.3873990256805,-1.4958430992551772,10.271542268669362,0,1,13.612971305847168,20.968888888888888
2664,266.399,-271.7078168371201,1345.8081158931157,-268.0046551819771,1345.5397166374128,-1.4958751175595333,10.279577674094822,0,1,13.398255348205566,20.964999999999996
2665,266.499,-273.79120804689086,1345.9639631812565,-270.06535990876324,1345.6925658542245,-1.4959031343560867,10.338236279108779,0,1,13.325587272644043,20.941111111111113
2666,266.599,-275.88131987345633,1346.130942417025,-272.1515054696848,1345.8493993116447,-1.49590584903736,10.561688809810635,0,1,13.889242172241211,20.963055555555556
2667,266.7,-277.96471108322714,1346.2867897051656,-274.3304543323699,1346.013065567654,-1.4959086627806173,11.056868915496507,0,1,15.2442045211792,20.931944444444444
2668,266.799,-280.0279404425691,1346.4315050417242,-276.56831199064965,1346.1800594398283,-1.4957979042661742,10.933762059682623,0,1,16.392589569091797,20.808888888888887
2669,266.899,-282.1247728859442,1346.6318801259117,-278.9668472062808,1346.3663464165786,-1.495730337367844,11.9176914986936,0,1,19.330371856689453,20.96388888888889
2670,267.0,-284.20816409570006,1346.8211232600988,-281.45849556560114,1346.5646083531665,-1.4955965798907105,12.152212758176109,0,1,19.45484733581543,20.98611111111111
2671,267.1,-286.28483468866125,1346.9992344458676,-283.9415052577863,1346.7645866272103,-1.4954243742331468,12.951991451190736,0,1,21.14574432373047,20.88888888888889
2672,267.2,-288.3749465152267,1347.2218734268922,-286.4329743634415,1346.97529448463,-1.4951016339694119,13.158330187220963,0,1,21.205474853515625,20.985000000000003
2673,267.3,-290.4583377249975,1347.3888526634514,-288.8127607205193,1347.1759455665033,-1.4947975895971533,12.8639894707572,0,1,20.071510314941406,20.945
2674,267.4,-292.54172893475334,1347.5892277468479,-291.1377666145624,1347.3988261618376,-1.4913709408799911,12.50663906134025,0,1,21.09690284729004,20.963055555555556
2675,267.5,-294.6318407613188,1347.800734779454,-293.48297948544354,1347.6084184603199,-1.4910496588404725,12.717015373544616,0,1,21.45014762878418,20.98
2676,267.6,-296.72195258789924,1347.989977913641,-295.78354051950333,1347.815256448605,-1.4907202766018293,12.725029691306743,0,1,21.029155731201172,21.016944444444444
2677,267.7,-298.80534379767,1348.1903529970377,-298.0433214331698,1348.021570881978,-1.4903528870063596,12.97957300793439,0,1,21.326374053955078,20.986944444444443
2678,267.8,-300.9088968578398,1348.3795961312248,-300.26110084771125,1348.2244041730914,-1.4899897891440343,12.854703960102869,0,1,20.636173248291016,21.09111111111111
2679,267.9,-302.9990086844053,1348.5799712154126,-302.42510818223514,1348.4250825858462,-1.489597531594317,12.934395933119283,0,1,20.539337158203125,21.02
2680,268.0,-305.0958411277804,1348.780346298018,-304.54790558302057,1348.6421236093054,-1.486788438344653,12.04972817024871,0,1,19.946956634521484,21.07111111111111
2681,268.1,-307.19267357115547,1348.9807213822055,-306.6190493218209,1348.8380929854575,-1.4864946901427243,11.924862730792523,0,1,19.37499237060547,21.134999999999998
2682,268.2,-309.2962266313253,1349.1699645163928,-308.66669516739057,1349.0308818428261,-1.4862215526734157,11.998856282025157,0,1,19.256668090820312,21.141944444444444
2683,268.3,-311.39977969150993,1349.3703395997893,-310.6920151044612,1349.222739330962,-1.485937974493135,11.901185150264894,0,1,18.620723724365234,21.165
2684,268.4,-313.5033327516946,1349.5595827339764,-312.6785806407354,1349.4099991544324,-1.4856760818192614,11.802672624890725,0,1,18.019893646240234,21.16111111111111
2685,268.5,-315.61360642868897,1349.7488258689546,-314.66484834025965,1349.5960198016553,-1.4854345619403093,11.92504490789904,0,1,18.128223419189453,21.196944444444444
2686,268.6,-317.72388010568324,1349.9492009515602,-316.6239817671058,1349.7891689106023,-1.4839634081674555,11.062733019368258,0,1,16.899316787719727,21.21
2687,268.7,-319.82743316585305,1350.1495760349567,-318.515740912206,1349.9687703121622,-1.4837723217098868,10.847150738463283,0,1,15.93045425415039,21.17888888888889
2688,268.8,-321.9377068428473,1350.3610830675627,-320.4006577957423,1350.1503617892151,-1.4835524225626258,10.906002314772111,0,1,15.877897262573242,21.211944444444445
2689,268.9,-324.04125990301714,1350.5614581509594,-322.3124674547697,1350.3344920697596,-1.4833321792982417,10.938626083507971,0,1,15.717805862426758,21.186944444444443
2690,269.0,-326.14481296320184,1350.761833234356,-324.2853972785107,1350.5241525039933,-1.4831106258921436,11.26866515384285,0,1,16.59252166748047,21.168888888888887
2691,269.1,-328.25508664016627,1350.9622083177524,-326.2974641414296,1350.7173067693514,-1.4828888534676539,11.218960219312034,0,1,16.118432998657227,21.218055555555555
2692,269.2,-330.37208093397015,1351.162583401149,-328.2985265103288,1350.9179821703617,-1.4812809706577987,10.754382060708988,0,1,15.93442153930664,21.241944444444446
2693,269.3,-332.4756339941549,1351.3629584845457,-330.3886720172818,1351.1182321563367,-1.4811220461222407,11.324037558517425,0,1,17.840566635131836,21.211944444444445
2694,269.399,-334.58590767113424,1351.5744655171516,-332.56585125293617,1351.3282927356577,-1.4809387365998383,11.584925324770055,0,1,18.320556640625,21.206944444444442
2695,269.499,-336.7029019649233,1351.8082364481763,-334.78592839150286,1351.547835863168,-1.480682381961385,11.860142584650971,0,1,18.7428035736084,21.30888888888889
2696,269.6,-338.806455025108,1352.0420073784103,-337.02654015999696,1351.7742876630757,-1.4803559300415052,12.061327512903338,0,1,18.882734298706055,21.265
2697,269.7,-340.923449318897,1352.2646463602257,-339.23490831339495,1351.9998077945972,-1.4799991924053784,12.173367716276163,0,1,18.83419418334961,21.289999999999996
2698,269.8,-343.0337229958913,1352.4984172904597,-341.4139811581952,1352.243746527633,-1.477006826073575,11.547452786720953,0,1,18.60497283935547,21.328888888888887
2699,269.899,-345.1574379064899,1352.7321882206934,-343.61252823100386,1352.4754246748591,-1.476682432519785,12.001600140323486,0,1,19.887279510498047,21.34388888888889
2700,270.0,-347.2744322002789,1352.9770911009277,-345.60562806926055,1352.66355885204,-1.476682432519785,14.028661173356104,0,0,19.75547981262207,21.34
2701,270.1,-349.3847058772583,1353.2219939811619,-347.6094962541819,1352.8527094831002,-1.476682432519785,16.417468474086476,0,0,20.500032424926758,21.29388888888889
2702,270.2,-351.5017001710473,1353.4557649113958,-349.6073514527122,1353.041292531832,-1.476682432519785,18.295826723588466,0,0,19.634685516357422,21.323055555555555
2703,270.3,-353.6119738480267,1353.6895358424206,-351.598523635248,1353.2292447522973,-1.476682432519785,20.84996176473205,0,0,20.36577796936035,21.308055555555555
2704,270.4,-355.72224752503587,1353.934438721864,-353.62052543989023,1353.4201070656125,-1.476682432519785,23.16932264058975,0,0,20.254018783569336,21.261944444444445
2705,270.5,-357.8258005852057,1354.179341602098,-355.63300355746384,1353.6100704119035,-1.476682432519785,25.581366017335192,0,0,20.174457550048828,21.216944444444444
2706,270.6,-359.9293536453904,1354.4242444815413,-357.6105419620134,1353.7967357025552,-1.476682432519785,27.820822250671224,0,0,19.5521183013916,21.17
2707,270.7,-362.0261860887655,1354.6691473609847,-359.54082899008426,1353.9789408057823,-1.476682432519785,30.248728409293616,0,0,19.225229263305664,21.22388888888889
2708,270.8,-364.1230185321405,1354.914050241219,-361.39455272160404,1354.1539188888053,-1.476682432519785,32.31587082924083,0,0,18.01404571533203,21.143055555555552
2709,270.9,-366.21985097551567,1355.1478211714527,-363.1539985308474,1354.319997819365,-1.476682432519785,34.64497675921358,0,0,17.331289291381836,21.128888888888888
2710,271.0,-368.30996280208115,1355.3815921024775,-364.8682900224068,1354.481814509649,-1.476682432519785,37.22407093941021,0,0,17.106945037841797,21.043888888888887
2711,271.1,-370.38663339504234,1355.6153630327115,-366.52566469695415,1354.6382586649845,-1.476682432519785,39.52345052241515,0,0,16.18789291381836,20.978055555555557
2712,271.199,-372.4633039880034,1355.8602659129456,-368.11656675498983,1354.7884282871667,-1.476682432519785,42.202684769025375,0,0,16.094406127929688,20.96
2713,271.301,-374.5399745809497,1356.1051687923891,-369.7679318687761,1354.9443051835283,-1.476682432519785,45.25540277383685,0,0,16.42923355102539,20.933055555555555
2714,271.4,-376.6032039402917,1356.338939723414,-371.3801930929815,1355.096490956169,-1.476682432519785,48.076560772558295,0,0,16.286481857299805,20.82
2715,271.5,-378.67315391644325,1356.5838426028572,-372.9300740168666,1355.2427884806405,-1.476682432519785,50.31064988835495,0,0,14.84892463684082,20.836111111111112
2716,271.599,-380.73638327580016,1356.8287454823003,-374.3794538220466,1355.3795994280165,-1.476682432519785,53.06375992088574,0,0,14.561630249023438,20.833055555555553
2717,271.7,-382.7861714015229,1357.0736483625346,-375.78780925116547,1355.512537971669,-1.476682432519785,55.4979466840408,0,0,13.450562477111816,20.678055555555556
2718,271.8,-384.84268014407013,1357.3185512427688,-377.1165603242447,1355.6379624411456,-1.476682432519785,58.31423142005085,0,0,13.24258804321289,20.705
2719,271.9,-386.89246826979286,1357.563454122212,-378.5157724113476,1355.7700379195899,-1.476682432519785,62.1649942755023,0,0,14.866046905517578,20.675
2720,272.0,-388.92881516192614,1357.797225052446,-379.908739655423,1355.9015239301198,-1.476682432519785,64.40099507332556,0,0,13.117136001586914,20.571944444444444
2721,272.1,-390.97188267085426,1358.0532598810985,-381.21335280989325,1356.02466995505,-1.476682432519785,67.46652869405409,0,0,13.091110229492188,20.593055555555555
2722,272.199,-393.01495017978226,1358.2981627613328,-382.4805479089569,1356.1442839867852,-1.476682432519785,70.31678815226722,0,0,12.62258529663086,20.56694444444444
2723,272.299,-395.0445764550911,1358.5319336915668,-383.7510993104085,1356.2642148291368,-1.476682432519785,73.61778855625072,0,0,12.901397705078125,20.496111111111112
2724,272.4,-397.07420273041487,1358.776836571801,-385.02752227994284,1356.3846999049535,-1.476682432519785,76.65814173189722,0,0,12.486658096313477,20.47611111111111
2725,272.5,-399.097108388929,1359.0328714004536,-386.28636026883373,1356.5035250860672,-1.476682432519785,80.09462798937221,0,0,12.80201530456543,20.44
2726,272.6,-401.1267346642527,1359.2889062283152,-387.62806184541193,1356.6301719891987,-1.476682432519785,84.31815982257037,0,0,14.151296615600586,20.458055555555557
2727,272.7,-403.1496403227668,1359.5338091085498,-389.0303024055672,1356.7625333335463,-1.476682432519785,87.87162037136821,0,0,14.018177032470703,20.413055555555555
2728,272.8,-405.1658253644564,1359.778711988784,-390.4432505268405,1356.8959053940466,-1.476682432519785,91.824531085507,0,0,14.366399765014648,20.37111111111111
2729,272.9,-407.18201040616094,1360.0570107158555,-391.8944404193259,1357.0328872005432,-1.476682432519785,95.98833410555358,0,0,14.786412239074707,20.408888888888885
2730,273.0,-409.1981954478803,1360.3019135952986,-393.35720144870913,1357.1709612384864,-1.476682432519785,99.86871688479161,0,0,14.598851203918457,20.323055555555555
2731,273.1,-411.2076598727753,1360.5690803731607,-394.85585117027307,1357.3124229088223,-1.476682432519785,104.67841265719801,0,0,15.507376670837402,20.32194444444444
2732,273.2,-413.21712429768513,1360.8251152018136,-396.36271741827176,1357.454660159694,-1.476682432519785,108.43617304318151,0,0,14.763912200927734,20.25
2733,273.3,-415.21986810577044,1361.0922819796756,-397.85883807952604,1357.5958831050693,-1.476682432519785,113.20455592700029,0,0,15.291509628295898,20.281111111111112
2734,273.4,-417.23605314747493,1361.3037890122816,-399.3560543156157,1357.7372094647676,-1.476682432519785,117.32353979301087,0,0,14.785921096801758,20.256944444444443
2735,273.5,-419.2455175723848,1361.582087739353,-400.7974116162112,1357.8732631458643,-1.476682432519785,121.36323672627515,0,0,14.169364929199219,20.313055555555554
2736,273.6,-421.24154076366045,1361.849254517215,-402.2423905137001,1358.0096586794555,-1.476682432519785,126.48490437317963,0,0,14.858675003051758,20.223888888888887
2737,273.7,-423.2442845717607,1362.0941573974494,-403.7014110745629,1358.1473796442842,-1.476682432519785,130.91888771917348,0,0,14.451446533203125,20.148888888888887
2738,273.8,-425.25374899667054,1362.3724561245208,-405.1274692075876,1358.2819891948625,-1.476682432519785,135.50752389986707,0,0,14.19649600982666,20.33388888888889
2739,273.9,-427.24977218794623,1362.6284909531737,-406.5794354210409,1358.419044280431,-1.476682432519785,141.08098887312227,0,0,14.971911430358887,20.191111111111113
2740,274.0,-429.259236612856,1362.8845257818264,-408.0583149492237,1358.5586397878217,-1.476682432519785,146.02945435063543,0,0,14.737154960632324,20.236944444444447
2741,274.1,-431.2552598041467,1363.1516925588974,-409.5548018623136,1358.6998973047153,-1.476682432519785,151.83939175478872,0,0,15.325624465942383,20.181944444444444
2742,274.2,-433.2647242290416,1363.4077273875503,-411.1110618820053,1358.84679696959,-1.476682432519785,157.9887784515982,0,0,15.937931060791016,20.29
2743,274.3,-435.2674680371417,1363.6748941669941,-412.7186678929936,1358.9985433238476,-1.476682432519785,164.26842032288545,0,0,16.35710906982422,20.21611111111111
2744,274.399,-437.2634912284324,1363.9309289948558,-414.38604288140914,1359.1559314363221,-1.476682432519785,171.58838719168327,0,0,17.476964950561523,20.191111111111113
2745,274.5,-439.26623503653263,1364.198095773509,-416.1681873435134,1359.3241529551744,-1.476682432519785,178.85454716872897,0,0,17.969892501831055,20.248055555555556
2746,274.6,-441.26225822780833,1364.4763944997894,-417.94754623894835,1359.4921115367251,-1.476682432519785,185.55111304260265,0,0,17.775474548339844,20.188055555555554
2747,274.7,-443.26500203590854,1364.7435612776517,-419.73888031137943,1359.6612004881788,-1.476682432519785,193.1845231824159,0,0,18.210460662841797,20.19888888888889
2748,274.8,-445.2677458439938,1365.0107280563047,-421.5198934403157,1359.8293152173808,-1.476682432519785,199.77252821479388,0,0,17.568138122558594,20.23
2749,274.9,-447.270489652094,1365.2778948341668,-423.2367867203513,1359.9913774976371,-1.476682432519785,206.35397827966497,0,0,16.92236328125,20.203055555555558
2750,275.0,-449.2665128433846,1365.5561935604474,-424.9588693355338,1360.1539296135152,-1.476682432519785,214.70722597912328,0,0,17.672386169433594,20.215
2751,275.099,-451.2692566514848,1365.8233603391004,-426.6372678851564,1360.3123582702603,-1.476682432519785,220.7852732383042,0,0,16.3853759765625,20.208888888888886
2752,275.2,-453.26527984277544,1366.101659065381,-428.34459116376235,1360.4735172117526,-1.476682432519785,229.99757380428812,0,0,17.573287963867188,20.205
2753,275.3,-455.26802365086075,1366.3799577932434,-430.12141644150904,1360.6412366381592,-1.476682432519785,238.97679763430327,0,0,18.12118148803711,20.23
2754,275.4,-457.2640468421513,1366.658256520315,-432.00294046757443,1360.8188388674691,-1.476682432519785,249.96506402379552,0,0,19.676570892333984,20.206944444444446
2755,275.5,-459.26679065025155,1366.9365552465954,-433.9790810861166,1361.005372217254,-1.476682432519785,260.0492382115449,0,0,20.02192497253418,20.23611111111111
2756,275.6,-461.2628138415571,1367.214853974458,-435.9369790876309,1361.1901835962283,-1.476682432519785,268.85722585795384,0,0,19.310096740722656,20.181944444444444
2757,275.699,-463.2655576496424,1367.4931527007386,-437.80011066714934,1361.366049711907,-1.476682432519785,277.3884077126647,0,0,18.496234893798828,20.21
2758,275.8,-465.26158084091804,1367.77145142781,-439.70357859859894,1361.5457232868187,-1.476682432519785,288.69559772997627,0,0,19.363746643066406,20.238888888888887
2759,275.901,-467.2643246490183,1368.0608821033002,-441.61611722317593,1361.72625306941,-1.476682432519785,298.1490354769737,0,0,18.676651000976562,20.246111111111112
2760,276.0,-469.2670684571185,1368.35031277879,-443.4374187319357,1361.898170729626,-1.476682432519785,307.81875096246137,0,0,18.280872344970703,20.26
2761,276.1,-471.2765328819985,1368.617479558234,-445.20582767067697,1362.0650957146386,-1.476682432519785,316.6408987360992,0,0,17.244522094726562,20.26888888888889
2762,276.2,-473.27255607330403,1368.9069102337241,-446.89989645913346,1362.2250035283396,-1.476682432519785,326.11954111359864,0,0,16.787460327148438,20.18888888888889
2763,276.299,-475.2685792645947,1369.2074728592142,-448.5726625843707,1362.3829005250511,-1.476682432519785,336.77941196821877,0,0,17.156009674072266,20.24111111111111
2764,276.4,-477.2713230726949,1369.485771585495,-450.23444674492504,1362.5397609039023,-1.476682432519785,345.5050131463691,0,0,15.896881103515625,20.25111111111111
2765,276.5,-479.2807874975898,1369.7640703125664,-451.7881504549815,1362.6864192716778,-1.476682432519785,354.752290517602,0,0,15.31532096862793,20.318055555555553
2766,276.6,-481.28353130569,1370.0646329380568,-453.26780606676874,1362.8260880357348,-1.476682432519785,363.4143702270052,0,0,14.40933609008789,20.24694444444444
2767,276.7,-483.2661132633614,1370.387459461175,-454.66196838844655,1362.9576868529275,-1.476682432519785,371.92264061467915,0,0,13.597854614257812,20.195
2768,276.799,-485.27557768825625,1370.676890137456,-455.99533455746797,1363.0835469540073,-1.476682432519785,380.99294373475294,0,0,13.458572387695312,20.3
2769,276.9,-487.2648802627521,1370.9774527621553,-457.3484975662939,1363.2112757332616,-1.476682432519785,390.5170402385798,0,0,13.455842971801758,20.203055555555558
2770,277.0,-489.2676240708524,1371.2668834392273,-458.67290939776177,1363.3362906097843,-1.476682432519785,399.6620469418541,0,0,13.150136947631836,20.221944444444443
2771,277.1,-491.25692664531846,1371.5563141147172,-459.9650481523829,1363.4582591417932,-1.476682432519785,408.72259308912766,0,0,12.807512283325195,20.169999999999998
2772,277.2,-493.25294983662394,1371.8346128417886,-461.23602614346436,1363.5782302511134,-1.476682432519785,418.08466029097804,0,0,12.725040435791016,20.158055555555556
2773,277.299,-495.24225241109,1372.1240435172786,-462.49165175293354,1363.6967522068956,-1.476682432519785,427.5973205684691,0,0,12.753889083862305,20.15888888888889
2774,277.4,-497.22483436876144,1372.4357380919785,-463.76065270141567,1363.8165366977257,-1.476682432519785,437.0403631314251,0,0,12.486542701721191,20.169999999999998
2775,277.5,-499.21413694325736,1372.7363007166778,-465.00042916930414,1363.9335626094296,-1.476682432519785,446.63912678396446,0,0,12.419205665588379,20.143055555555556
2776,277.6,-501.18999828411916,1373.0368633421683,-466.24635501263293,1364.0511689775994,-1.476682432519785,456.7115830729134,0,0,12.610076904296875,20.06388888888889
2777,277.7,-503.1725802418055,1373.326294018449,-467.5268392208327,1364.1720374049073,-1.476682432519785,467.5399537264826,0,0,13.113445281982422,20.09
2778,277.8,-505.1618828162865,1373.6045927455207,-468.84383956781284,1364.2963526910187,-1.476682432519785,478.464873772137,0,0,13.343646049499512,20.135
2779,277.9,-507.1579060075771,1373.882891471801,-470.158867756658,1364.4204818196977,-1.476682432519785,488.92374828977444,0,0,13.073826789855957,20.116944444444446
2780,278.0,-509.14048796526345,1374.138926301245,-471.4800234835049,1364.545189343547,-1.476682432519785,500.41636356568097,0,0,13.466741561889648,19.996111111111112
2781,278.101,-511.10290807252085,1374.4617528243632,-472.8354988046617,1364.6731363883239,-1.476682432519785,511.8876333619366,0,0,13.49366569519043,20.026944444444442
2782,278.199,-513.0787694133975,1374.7623154490625,-474.1561377437597,1364.7977951311557,-1.476682432519785,523.3007480096156,0,0,13.577953338623047,19.99388888888889
2783,278.3,-515.0479101374498,1375.0628780745528,-475.55417244253516,1364.9297594726763,-1.476682432519785,536.2986075538462,0,0,14.228960037231445,19.983055555555552
2784,278.4,-517.0304920951361,1375.3411768016242,-477.01826090339216,1365.0679588105284,-1.476682432519785,550.4832316507357,0,0,15.18297004699707,20.061944444444443
2785,278.5,-519.0197946696319,1375.6083435794865,-478.5437599939657,1365.2119548666738,-1.476682432519785,564.416734828634,0,0,15.462632179260254,20.035
2786,278.6,-520.9956560104938,1375.8755103573485,-480.1624032639323,1365.3647430581723,-1.476682432519785,581.510450899419,0,0,17.054134368896484,19.96
2787,278.7,-522.9782379681651,1376.1426771352105,-481.8876449020752,1365.5275933629187,-1.476682432519785,598.1258414143878,0,0,17.604076385498047,20.011944444444445
2788,278.8,-524.9473786922023,1376.4321078114915,-483.63333302960143,1365.6923736680508,-1.476682432519785,614.0059817069034,0,0,17.464881896972656,19.97
2789,278.9,-526.9434018835377,1376.7326704361908,-485.479481733201,1365.8666367233477,-1.476682432519785,635.4537392619508,0,0,19.62221908569336,20.139999999999997
2790,279.0,-528.9259838412091,1377.0109691632624,-487.4673151611553,1366.0542737895826,-1.476682432519785,655.824294923059,0,0,20.311172485351562,20.06388888888889
2791,279.1,-530.9085657988805,1377.267003991915,-489.6204118613167,1366.257510510757,-1.476682432519785,682.6754684295893,0,0,22.942176818847656,20.041944444444447
2792,279.2,-532.8978683733466,1377.5453027189867,-491.93203925619565,1366.4757113803587,-1.476682432519785,706.8937340458707,0,0,23.495880126953125,20.04611111111111
2793,279.3,-534.8871709478425,1377.8124694968487,-494.2468403905725,1366.6942118279635,-1.476682432519785,729.1329807554855,0,0,23.00593376159668,20.016111111111112
2794,279.4,-536.8831941391331,1378.079636274711,-496.58011941664824,1366.9144564546025,-1.476682432519785,755.5388905245012,0,0,23.867080688476562,20.165
2795,279.5,-538.872496713614,1378.3579350017824,-498.9388344072111,1367.1371020519093,-1.476682432519785,779.7144443365435,0,0,23.51691436767578,20.13888888888889
2796,279.6,-540.86179928811,1378.6473656780634,-501.28278519999395,1367.3583540159682,-1.476682432519785,805.3938939918138,0,0,23.570484161376953,20.138055555555557
2797,279.7,-542.871263713005,1378.9367963543443,-503.60678454864797,1367.577722708325,-1.476682432519785,830.1559669428445,0,0,23.116111755371094,20.293055555555558
2798,279.8,-544.8740075211051,1379.2262270306253,-505.8988882283753,1367.7940806807396,-1.476682432519785,855.8723026781959,0,0,22.92973518371582,20.225
2799,279.9,-546.8767513291905,1379.5267896553246,-508.21568625415875,1368.012769620418,-1.476682432519785,884.7366413216969,0,0,23.612194061279297,20.255000000000003
2800,280.0,-548.8794951372906,1379.827352280815,-510.5970088810338,1368.237549214715,-1.476682432519785,914.8368369563829,0,0,24.225963592529297,20.326944444444443
2801,280.1,-550.8822389453759,1380.116782957096,-512.9692968845344,1368.4614760060556,-1.476682432519785,941.6351835819028,0,0,23.43069839477539,20.261944444444442
2802,280.2,-552.8917033702858,1380.4173455817952,-515.257962306912,1368.6775094318996,-1.476682432519785,967.9009543003966,0,0,22.546077728271484,20.323055555555555
2803,280.3,-554.9146090287999,1380.729040156495,-517.4658018595284,1368.8859134815268,-1.476682432519785,994.2275743004412,0,0,21.806995391845703,20.486944444444443
2804,280.399,-556.9240734536799,1381.0296027811944,-519.58260064339,1369.0857239425181,-1.476682432519785,1020.218772999878,0,0,21.146705627441406,20.348055555555554
2805,280.501,-558.946979112209,1381.3524293051037,-521.689234473332,1369.284574905543,-1.476682432519785,1046.3470234708693,0,0,20.34345245361328,20.468055555555555
2806,280.6,-560.9766053875178,1381.6641238782215,-523.7002679037757,1369.4744018838412,-1.476682432519785,1073.9953214026668,0,0,20.46407699584961,20.52388888888889
2807,280.7,-562.9927904292372,1381.9758184529212,-525.6988913054432,1369.6630574453804,-1.476682432519785,1099.8027826111406,0,0,19.686073303222656,20.446944444444444
2808,280.8,-565.0156960877364,1382.2652491292022,-527.6535819567935,1369.8475660737486,-1.476682432519785,1127.1410788505586,0,0,19.58151626586914,20.478055555555557
2809,280.9,-567.0453223630602,1382.5658117539015,-529.5174907649573,1370.0235055541773,-1.476682432519785,1150.0039106547129,0,0,17.86236572265625,20.509999999999998
2810,281.0,-569.0749486383838,1382.8552424301824,-531.2760111415014,1370.1894971305985,-1.476682432519785,1174.9074128117727,0,0,17.464378356933594,20.528055555555557
2811,281.1,-571.097854296883,1383.1335411572538,-533.008445557431,1370.3530263814291,-1.476682432519785,1200.4248890302629,0,0,17.338327407836914,20.48
2812,281.2,-573.1274805722068,1383.456367681163,-534.7547928907876,1370.5178689108131,-1.476682432519785,1227.688422742139,0,0,17.743873596191406,20.561944444444443
2813,281.3,-575.150386230721,1383.7569303058624,-536.4554197471095,1370.6783957585828,-1.476682432519785,1250.9158476503187,0,0,16.41985321044922,20.496944444444445
2814,281.4,-577.1800125060447,1384.0463609821434,-538.0955235706779,1370.8332096707786,-1.476682432519785,1276.7084700806247,0,0,16.528032302856445,20.546944444444442
2815,281.5,-579.2029181645439,1384.3469236068427,-539.7150350687483,1370.9860798167165,-1.476682432519785,1301.2210022230452,0,0,16.006175994873047,20.488055555555558
2816,281.6,-581.2325444398676,1384.6474862315422,-541.2675131762592,1371.1326224964957,-1.476682432519785,1324.4808941292818,0,0,15.181405067443848,20.53388888888889
2817,281.7,-583.2621707151914,1384.9480488570325,-542.7727660647462,1371.2747074579243,-1.476682432519785,1348.7508425814863,0,0,15.057473182678223,20.501944444444444
2818,281.8,-585.2850763736906,1385.2374795333135,-544.2306542594355,1371.4123215355944,-1.476682432519785,1371.2331365521636,0,0,14.229900360107422,20.478055555555557
2819,281.9,-587.3079820322047,1385.5380421580128,-545.7405259562298,1371.5548424790466,-1.476682432519785,1400.1725766273382,0,0,16.101764678955078,20.44611111111111
2820,281.999,-589.3174464571146,1385.827472834294,-547.3591047411879,1371.7076245836276,-1.476682432519785,1428.7852275763069,0,0,16.742145538330078,20.355
2821,282.1,-591.3470727324383,1386.1391674082026,-549.0698995089778,1371.8691112085348,-1.476682432519785,1459.1209087987559,0,0,17.285566329956055,20.493055555555557
2822,282.2,-593.3498165405236,1386.417466136065,-550.797587509997,1372.0321924322036,-1.476682432519785,1489.1946859844368,0,0,17.421789169311523,20.369999999999997
2823,282.3,-595.3727221990376,1386.7180287607644,-552.5498541186463,1372.1975936982678,-1.476682432519785,1520.6275645008152,0,0,17.77932357788086,20.423055555555553
2824,282.4,-597.3821866239327,1387.0185913854637,-554.28357086699,1372.361243991983,-1.476682432519785,1549.565231390411,0,0,17.049142837524414,20.388055555555553
2825,282.5,-599.3916510488276,1387.3080220617449,-555.9842548804357,1372.5217762349707,-1.476682432519785,1580.2554097458158,0,0,17.115732192993164,20.301944444444445
2826,282.6,-601.3943948569279,1387.5974527380258,-557.6648672488923,1372.6804138601665,-1.476682432519785,1609.7384950063204,0,0,16.645925521850586,20.281111111111112
2827,282.7,-603.3971386650279,1387.9314112103534,-559.4083216912111,1372.8449833216064,-1.476682432519785,1646.0909775565526,0,0,18.37816047668457,20.37111111111111
2828,282.8,-605.4066030899379,1388.2765016326814,-561.2367388688093,1373.0175726493808,-1.476682432519785,1680.0803186985158,0,0,18.352733612060547,20.395
2829,282.899,-607.3959056644188,1388.5881962057992,-563.0003336415106,1373.1840432120161,-1.476682432519785,1711.0793559512297,0,0,17.433815002441406,20.245
2830,282.999,-609.3986494725041,1388.899890780499,-564.7747037264597,1373.3515308860199,-1.476682432519785,1747.0624336224164,0,0,18.211332321166992,20.24888888888889
2831,283.1,-611.408113897414,1389.2115853544078,-566.4167206037091,1373.5065253766159,-1.476682432519785,1770.200491363147,0,0,14.448387145996094,20.323888888888888
2832,283.199,-613.3906958550853,1389.5232799283165,-567.8519042029059,1373.641996305052,-1.476682432519785,1799.1194759087384,0,0,14.674100875854492,20.174999999999997
2833,283.3,-615.3732778127717,1389.857238400644,-569.3274695939471,1373.78127898192,-1.476682432519785,1828.6711056943454,0,0,14.674898147583008,20.086944444444445
2834,283.4,-617.3760216208569,1390.1911968737627,-570.7571367910731,1373.916229201988,-1.476682432519785,1856.3091455171493,0,0,14.045546531677246,20.26
2835,283.5,-619.3518829617336,1390.5696831421371,-572.2057873691477,1374.0529713156113,-1.476682432519785,1888.1297230651069,0,0,15.056253433227539,20.19388888888889
2836,283.6,-621.334464919405,1390.9036416144647,-573.6885542938387,1374.1929337650533,-1.476682432519785,1918.0394590600379,0,0,14.73090648651123,20.09388888888889
2837,283.7,-623.3170468770765,1391.2709959344206,-575.1627131847844,1374.3320836785074,-1.476682432519785,1949.169377938454,0,0,14.88332748413086,20.151944444444442
2838,283.8,-625.2727463675393,1391.6049544067482,-576.6135516369156,1374.4690323115822,-1.476682432519785,1978.453493419673,0,0,14.26242446899414,19.974999999999998
2839,283.9,-627.2418870916063,1391.9834406751227,-578.0297926541471,1374.6027151975916,-1.476682432519785,2008.5584510627398,0,0,14.188302993774414,20.068055555555556
2840,284.0,-629.1908659652595,1392.3953227911252,-579.4123912921417,1374.7332224868671,-1.476682432519785,2037.1601742514886,0,0,13.586585998535156,19.996111111111112
2841,284.1,-631.1465654557072,1392.7515451618715,-580.6483240858734,1374.8498855835924,-1.476682432519785,2059.8026880056345,0,0,11.241947174072266,19.953055555555554
2842,284.2,-633.1089855629797,1393.1188994810366,-581.7951287951934,1374.958135635219,-1.476682432519785,2086.27986259756,0,0,11.796100616455078,19.976111111111113
2843,284.3,-635.0579644366179,1393.4639899017825,-582.9320036885455,1375.0654483841972,-1.476682432519785,2110.4234050581945,0,0,11.042468070983887,19.83111111111111
2844,284.4,-637.0069433102711,1393.7979483749011,-584.0203454426767,1375.168179956639,-1.476682432519785,2134.6973814420853,0,0,10.821123123168945,19.796944444444442
2845,284.5,-638.962642800719,1394.2432263385322,-585.069130716803,1375.2671776841046,-1.476682432519785,2157.735819575005,0,0,10.247821807861328,19.903055555555557
2846,284.6,-640.9049010575626,1394.6328445561157,-586.1002586172752,1375.3645086834915,-1.476682432519785,2181.8800002659023,0,0,10.466405868530273,19.89388888888889
2847,284.7,-642.8404386975964,1395.0224627744904,-587.1434677012701,1375.4629800590292,-1.476682432519785,2206.1394912113924,0,0,10.490519523620605,19.828055555555554
2848,284.8,-644.7759763376453,1395.4454768389114,-588.1667600436775,1375.559571438533,-1.476682432519785,2229.395962436342,0,0,10.066300392150879,19.736944444444443
2849,284.9,-646.698072744075,1395.8350950564952,-589.0416436768002,1375.6421541116624,-1.476682432519785,2246.6068145231725,0,0,7.509151458740234,19.748055555555556
2850,285.0,-648.6268897672994,1396.258109121707,-589.8088114107886,1375.714569184722,-1.476682432519785,2265.673084947604,0,0,7.902406215667725,19.69694444444444
2851,285.1,-650.5422655569195,1396.6811231869192,-590.5904987395004,1375.7883548022742,-1.476682432519785,2284.537333025179,0,0,7.8008341789245605,19.666944444444443
2852,285.2,-652.4576413465395,1397.0930053029217,-591.3855567762632,1375.863402517745,-1.476682432519785,2304.4205725695933,0,0,8.171009063720703,19.56888888888889
2853,285.3,-654.3662965193647,1397.5382832657617,-592.219109779854,1375.942083879043,-1.476682432519785,2325.3523892697754,0,0,8.574155807495117,19.639999999999997
2854,285.4,-656.2682310753656,1397.972429280183,-593.1041342450707,1376.025623773213,-1.476682432519785,2347.948249115929,0,0,9.2050142288208,19.568055555555553
2855,285.5,-658.1567243977621,1398.4177072430227,-594.044656093744,1376.1144022180933,-1.476682432519785,2371.7812958924255,0,0,9.689037322998047,19.47388888888889
2856,285.6,-660.0317764865543,1398.874117155072,-595.0217607328597,1376.2066338132108,-1.476682432519785,2396.258704099084,0,0,9.939922332763672,19.423055555555557
2857,285.7,-661.9068285753465,1399.375054863959,-596.014030951384,1376.3002969290926,-1.476682432519785,2420.9279785867716,0,0,9.993697166442871,19.47
2858,285.8,-663.7415569632811,1399.8871245212645,-597.0205719365058,1376.3953071018955,-1.476682432519785,2446.4115008539966,0,0,10.226606369018555,19.319999999999997
2859,285.901,-665.6098884352787,1400.3880622301515,-598.0486767463794,1376.4923527434437,-1.476682432519785,2472.1877775156217,0,0,10.222400665283203,19.366111111111113
2860,286.0,-667.4782199072612,1400.8667360406196,-599.053866073761,1376.5872353295538,-1.476682432519785,2497.4895961454617,0,0,10.174720764160156,19.29
2861,286.1,-669.3331101456247,1401.3342779018783,-600.077770718978,1376.6838845060045,-1.476682432519785,2523.9123306292786,0,0,10.394399642944336,19.141111111111112
2862,286.199,-671.1947210008126,1401.835215609974,-601.1031048790518,1376.7806686182953,-1.476682432519785,2550.1743598522366,0,0,10.411497116088867,19.228055555555557
2863,286.299,-673.029449388762,1402.3472852688615,-602.149628221718,1376.8794528358271,-1.476682432519785,2577.495044544348,0,0,10.612008094787598,19.13
2864,286.401,-674.857457159887,1402.8482229769575,-603.2418504441931,1376.9825506963518,-1.476682432519785,2606.3398349301415,0,0,10.899311065673828,19.01888888888889
2865,286.499,-676.678744314247,1403.4382162779377,-604.3175502920238,1377.0840889644771,-1.476682432519785,2634.8659314728457,0,0,11.151330947875977,19.108055555555556
2866,286.6,-678.4933108517826,1403.9614178844524,-605.4576819498672,1377.1917091284158,-1.476682432519785,2665.5281078935395,0,0,11.525890350341797,18.988055555555555
2867,286.7,-680.294436155699,1404.5180153385957,-606.6063451676915,1377.3001346097733,-1.476682432519785,2695.9103589606752,0,0,11.549492835998535,18.883888888888887
2868,286.8,-682.1090026932196,1405.108008639576,-607.7623099707172,1377.4092493078463,-1.476682432519785,2726.9272820578026,0,0,11.672571182250977,19.051111111111112
2869,286.9,-683.9101279971658,1405.664606093719,-608.9298998396198,1377.5194613278704,-1.476682432519785,2758.462586421715,0,0,11.783027648925781,18.836944444444445
2870,287.0,-685.677650217049,1406.2657313439086,-610.1317499448753,1377.6329072658614,-1.476682432519785,2792.168298310501,0,0,12.360821723937988,18.761111111111113
2871,287.101,-687.4586136705664,1406.833460747261,-611.3777966408655,1377.7505250416466,-1.476682432519785,2826.1787612055814,0,0,12.423049926757812,18.67388888888889
2872,287.199,-689.2530183576879,1407.3455304045665,-612.6283074710553,1377.8685641993407,-1.476682432519785,2862.262007588653,0,0,13.211021423339844,18.70888888888889
