sequence_id,format,monotonic,duplicate_timestamps,n_gaps_gt_0p6s,median_dt_s,mean_dt_s,std_dt_s,min_dt_s,max_dt_s,est_hz
M,seconds_from_start (phone DATE-derived),True,0,2,0.1,0.1,0.0051,0.081,1.365,10.0
S1,seconds_from_start (phone DATE-derived),True,0,0,0.1,0.1,0.0008,0.089,0.111,10.0
S2,seconds_from_start (phone DATE-derived),True,0,1,0.1,0.1,0.0037,0.088,1.208,10.0
S3a,seconds_from_start (phone DATE-derived),True,0,0,0.1,0.1,0.0008,0.087,0.112,10.0
S3b,seconds_from_start (phone DATE-derived),True,0,1,0.1,0.1006,0.0524,0.095,4.428,10.0
S3c,seconds_from_start (phone DATE-derived),True,0,0,0.1,0.1,0.0009,0.082,0.121,10.0
V-Vfa01,seconds_from_start (phone DATE-derived),True,0,0,0.1,0.1,0.0008,0.086,0.113,10.0
V-Vfa02,seconds_from_start (phone DATE-derived),True,0,0,0.1,0.1,0.0009,0.059,0.141,10.0
Vta01a,seconds_from_start (phone DATE-derived),True,0,0,0.1,0.1,0.0007,0.088,0.111,10.0
Vta01b,seconds_from_start (phone DATE-derived),True,0,0,0.1,0.1,0.0006,0.094,0.106,10.0
Vta02,seconds_from_start (phone DATE-derived),True,0,0,0.1,0.1,0.0007,0.09,0.108,10.0
Vta04,seconds_from_start (phone DATE-derived),True,0,0,0.1,0.1,0.0006,0.096,0.104,10.0
Vta06,seconds_from_start (phone DATE-derived),True,0,0,0.1,0.1,0.0006,0.095,0.106,10.0
Vta07,seconds_from_start (phone DATE-derived),True,0,0,0.1,0.1,0.0007,0.091,0.108,10.0
Vta08,seconds_from_start (phone DATE-derived),True,0,0,0.1,0.1,0.0007,0.092,0.108,10.0
Vta10,seconds_from_start (phone DATE-derived),True,0,0,0.1,0.1,0.0007,0.091,0.109,10.0
Vta11,seconds_from_start (phone DATE-derived),True,0,0,0.1,0.1,0.0006,0.097,0.102,10.0
Vta12,seconds_from_start (phone DATE-derived),True,0,0,0.1,0.1,0.0006,0.097,0.103,10.0
Vta13,seconds_from_start (phone DATE-derived),True,0,0,0.1,0.1,0.0006,0.096,0.104,10.0
Vta14,seconds_from_start (phone DATE-derived),True,0,0,0.1,0.1,0.0006,0.096,0.105,10.0
Vta15,seconds_from_start (phone DATE-derived),True,0,0,0.1,0.1,0.0008,0.09,0.11,10.0
Vta16,seconds_from_start (phone DATE-derived),True,0,0,0.1,0.1,0.0006,0.09,0.11,10.0
Vta17,seconds_from_start (phone DATE-derived),True,0,1,0.1,0.1003,0.0176,0.093,1.284,10.0
Vta19,seconds_from_start (phone DATE-derived),True,0,0,0.1,0.1,0.0007,0.097,0.104,10.0
Vta21,seconds_from_start (phone DATE-derived),True,0,0,0.1,0.1,0.0006,0.096,0.104,10.0
Vta22,seconds_from_start (phone DATE-derived),True,0,0,0.1,0.1,0.0006,0.096,0.104,10.0
Vta23,seconds_from_start (phone DATE-derived),True,0,0,0.1,0.1,0.0006,0.095,0.104,10.0
Vta24,seconds_from_start (phone DATE-derived),True,0,0,0.1,0.1,0.0007,0.096,0.104,10.0
Vta26,seconds_from_start (phone DATE-derived),True,0,0,0.1,0.1,0.0006,0.096,0.103,10.0
Vta28,seconds_from_start (phone DATE-derived),True,0,0,0.1,0.1,0.0006,0.093,0.107,10.0
Vta29,seconds_from_start (phone DATE-derived),False,4,0,0.1,0.1,0.0017,0.0,0.111,10.0
Vta30,seconds_from_start (phone DATE-derived),True,0,0,0.1,0.1,0.0007,0.066,0.134,10.0
Vtb01,seconds_from_start (phone DATE-derived),False,5456,1,0.1,0.1,3.6707,0.0,661.376,10.0
Vtb02,seconds_from_start (phone DATE-derived),True,0,0,0.1,0.1,0.0006,0.094,0.107,10.0
Vtb03,seconds_from_start (phone DATE-derived),True,0,0,0.1,0.1,0.0007,0.095,0.106,10.0
Vtb04,seconds_from_start (phone DATE-derived),True,0,0,0.1,0.1,0.0006,0.098,0.102,10.0
Vtb05,seconds_from_start (phone DATE-derived),True,0,0,0.1,0.1,0.0009,0.08,0.119,10.0
Vtb06,seconds_from_start (phone DATE-derived),True,0,0,0.1,0.1,0.0012,0.088,0.112,10.0
Vtb07,seconds_from_start (phone DATE-derived),True,0,0,0.1,0.1,0.0007,0.096,0.103,10.0
Vtb08,seconds_from_start (phone DATE-derived),True,0,0,0.1,0.1,0.0009,0.094,0.105,10.0
Vtb09,seconds_from_start (phone DATE-derived),True,0,0,0.1,0.1,0.0007,0.097,0.103,10.0
Vtb11,seconds_from_start (phone DATE-derived),True,0,0,0.1,0.1,0.0008,0.096,0.103,10.0
Vtb12,seconds_from_start (phone DATE-derived),True,0,0,0.1,0.1,0.0007,0.097,0.103,10.0
Vw02,seconds_from_start (phone DATE-derived),True,0,0,0.1,0.1,0.0008,0.077,0.123,10.0
Vw03,seconds_from_start (phone DATE-derived),True,0,0,0.1,0.1,0.0007,0.095,0.105,10.0
Vw04,seconds_from_start (phone DATE-derived),True,0,0,0.1,0.1,0.0008,0.076,0.124,10.0
Vw05,seconds_from_start (phone DATE-derived),True,0,0,0.1,0.1,0.0007,0.098,0.103,10.0
Vw10,seconds_from_start (phone DATE-derived),True,0,0,0.1,0.1,0.0007,0.097,0.103,10.0
Vw11,seconds_from_start (phone DATE-derived),True,0,0,0.1,0.1,0.0008,0.091,0.109,10.0
Vw12,seconds_from_start (phone DATE-derived),True,0,0,0.1,0.1,0.0007,0.097,0.104,10.0
Vw13,seconds_from_start (phone DATE-derived),True,0,0,0.1,0.1,0.0007,0.098,0.102,10.0
Vw14a,seconds_from_start (phone DATE-derived),True,0,0,0.1,0.1,0.0008,0.095,0.106,10.0
Vw14b,seconds_from_start (phone DATE-derived),True,0,0,0.1,0.1,0.0008,0.091,0.109,10.0
Vw14c,seconds_from_start (phone DATE-derived),True,0,0,0.1,0.1,0.0008,0.088,0.112,10.0
Vw16a,seconds_from_start (phone DATE-derived),True,0,0,0.1,0.1,0.0007,0.095,0.105,10.0
Vw16b,seconds_from_start (phone DATE-derived),True,0,0,0.1,0.1,0.0007,0.098,0.103,10.0
Vw17,seconds_from_start (phone DATE-derived),True,0,0,0.1,0.1,0.0007,0.097,0.103,10.0
