relative_time_s,gt_east_m,gt_north_m,classical_east_m,classical_north_m,ai_east_m,ai_north_m,shared_heading_deg,classical_speed_mps,ai_forward_speed_mps,ref_speed_mps,classical_error_m,ai_error_m
0.0,-1541.6571098328704,507.4832946281626,-1541.6571098328704,507.4832946281626,-1541.6571098328704,507.4832946281626,268.339,13.261944444444447,12.615704,13.261944444444445,0.0,0.0
0.10000000000002274,-1543.0143377240918,507.4610307305347,-1542.9807331378845,507.4413309377317,-1542.9434849920228,507.44953962204534,268.6486836882683,13.223919378258357,13.120749,13.38611111111111,0.03895317767065317,0.07177851500238157
0.19999999999998863,-1544.3581939119442,507.4387668329069,-1544.296772243277,507.3921109265421,-1544.2501972991035,507.4187510197562,268.6518349561415,13.115382458527717,13.02075,13.348888888888888,0.07713232124461877,0.10983579180368523
0.30000000000001137,-1545.7087359514812,507.4832946281626,-1545.604630499041,507.332896454343,-1545.570749706858,507.3837690789679,268.31808704047774,13.068889012809235,13.399675,13.309999999999999,0.18291406702622665,0.17013388447854594
0.39999999999997726,-1547.0525921393187,507.49442657737194,-1546.9072630792461,507.25837999851797,-1546.8765323344314,507.34657917302053,268.4217924013964,13.026999810304222,12.726578,13.331944444444444,0.2771976246114473,0.22990413191237805
0.5,-1548.4231917339098,507.5278224250002,-1548.204189222546,507.17394042317443,-1548.145443670407,507.31278032667086,268.5269301568029,12.966450378208826,12.660661,13.523055555555555,0.4161665185954963,0.35126498663172256
0.6000000000000227,-1549.7737337734766,507.5612182726285,-1549.5001325739354,507.08924520173355,-1549.418776576871,507.27723782311386,268.27683407922825,13.007713955757943,12.815977,13.368055555555555,0.5455421120686939,0.4545761840753939
0.6999999999999886,-1551.1510192197081,507.6614058139313,-1550.7972908358595,507.0085609251164,-1550.6970622468302,507.241762605322,268.5444053695542,12.985674034388866,12.759649,13.571944444444444,0.7425161401558421,0.6182049464024075
0.8000000000000114,-1552.5082471108853,507.73932945760623,-1552.0957027227291,506.9324174892334,-1551.992981111473,507.2166907968026,269.22823049804305,13.027191162157587,13.16404,13.46111111111111,0.9062559224096297,0.7339279391854666
0.8999999999999773,-1553.858789150467,507.80612115207174,-1553.3967166077332,506.8481793737466,-1553.3292813650405,507.19888316145125,269.2445597952043,13.048221558680273,13.564339,13.43111111111111,1.0635616979795697,0.8056776477475248
1.0,-1555.2360745966982,507.9508364902122,-1554.6952306752698,506.7485552937518,-1554.7211727002973,507.1766714115301,268.934876106936,12.998689771478679,14.277134,13.575,1.3183293301403805,0.9297610079844161
1.1000000000000227,-1556.606674191275,508.09555182756174,-1556.001742472021,506.6410617185367,-1556.164910148915,507.14965409501065,268.92112511985283,13.219842862975636,14.602671,13.575,1.57527263107411,1.043972216856186
1.1999999999999886,-1557.9572162308264,508.1957393696555,-1557.327450335087,506.5281077846986,-1557.6919742672283,507.1144884465324,268.4607535314654,13.390448416604336,15.946955,13.43611111111111,1.7825824487474073,1.1133089679006083
1.3000000000000114,-1559.3211299737332,508.3404547077959,-1558.658412866516,506.399708714333,-1559.3162560088053,507.0634722020756,267.9508210937989,13.353451347601137,16.555021,13.585,2.0507776513656046,1.2769918071192972
1.4010000000000105,-1560.6783578649402,508.4963019951458,-1560.0009410414607,506.24638586099513,-1561.0053073717334,506.99967500534365,267.7254223619834,13.405054322333788,16.915455,13.511111111111111,2.349684268884768,1.5319230811619133
1.5,-1562.0422716078317,508.685545129333,-1561.3243700722262,506.0841429574084,-1562.6899427883284,506.9294735825687,267.50363612906625,13.531044750984577,17.147184,13.556944444444444,2.698643339702126,1.8717011608163112
1.6000000000000227,-1563.412871202408,508.8636563151017,-1562.6679972338682,505.92043925961104,-1564.3793757960195,506.85504267479024,267.4503510541191,13.540218576233691,16.674255,13.63888888888889,3.036011176649302,2.229049098947215
1.6999999999999886,-1564.77009909363,508.96384385640454,-1564.0116313368987,505.7557670850373,-1566.0307641566608,506.77921519175476,267.2902093503801,13.53354772276116,16.388344,13.588888888888889,3.2965178459985793,2.522276512112767
1.8000000000000114,-1566.1340128365216,509.1530869905917,-1565.3552024090427,505.57930239291187,-1567.6598097470855,506.6991467198153,267.0810797551573,13.569405529691442,16.231953,13.616944444444444,3.6576607322937256,2.88961572961261
1.9010000000000105,-1567.4912407277582,509.3423301239879,-1566.7074571422156,505.3778568434906,-1569.2612663193966,506.62222911457906,267.4271348042604,13.50472517505356,15.51676,13.594999999999999,4.041208371359127,3.245295070781976
2.0009999999999764,-1568.85515447065,509.54270520817545,-1568.0402388221778,505.16408544501724,-1570.8264951323704,506.55913323157444,267.95110470790735,13.491631304890715,15.813568,13.533888888888889,4.453807196595343,3.5760153445016463
2.100999999999999,-1570.2324399168963,509.74308029157197,-1569.3810637199028,504.94893571272485,-1572.4121816102424,506.5041372739346,268.0757230283483,13.66792292644442,15.919249,13.731111111111112,4.869154307648946,3.9041037026715277
2.201000000000022,-1571.6164112148274,509.95458732417796,-1570.7422384054246,504.72454283993653,-1574.0176068491476,506.45100963469986,268.1330188078614,13.923413259090882,16.206837,13.823055555555557,5.302597798046108,4.2474459502725885
2.3000000000000114,-1572.9736391060492,510.1549624075746,-1572.1017657440761,504.4767030871208,-1575.623646958742,506.40398143676373,268.51192725693727,13.996285122791821,16.252502,13.631944444444445,5.744805659866862,4.592646281036572
2.3999999999999773,-1574.357610403995,510.37760138938995,-1573.4718455305353,504.19894709417616,-1577.264198014461,506.3646826929631,268.74139685388707,13.963675976470439,16.567997,13.818888888888889,6.241822515164856,4.954974066677516
2.5,-1575.7348958502564,510.6225042688332,-1574.843303927394,503.9067002373652,-1578.9505164046059,506.32383865987475,268.48814950843916,14.081374359754282,17.168344,13.886944444444445,6.7747295109100465,5.36830900444423
2.6000000000000227,-1577.105495444818,510.80061545381096,-1576.2256717552132,503.6054853441777,-1580.687104357665,506.27186785802434,268.0882249674378,14.214828642374188,17.579176,13.748888888888889,7.248723130272065,5.773861549338418
2.6999999999999886,-1578.4827808910939,511.11231002851076,-1577.6178368426486,503.29899338494255,-1582.406821220047,506.2091624221049,267.72754803540306,14.295253517149705,16.838188,13.866944444444446,7.861046061409448,6.2800437063331565
2.8009999999999877,-1579.8533804856706,511.3126851119073,-1579.0326422284554,502.99345372006275,-1584.0799360260733,506.1389030484409,267.45903709429297,14.366712306800887,16.322088,13.85111111111111,8.35961854619625,6.680703000160569
2.9010000000000105,-1581.2106083768776,511.59098383897884,-1580.4387845074077,502.69758651762197,-1585.703723687693,506.06382573889425,267.2456103156067,14.371985919824386,16.188416,13.565000000000001,8.926826311797553,7.123030384577422
3.0,-1582.5878938231535,511.8358867184221,-1581.830782281552,502.4087117327353,-1587.2783041624275,505.9863244263357,267.1165658961984,14.348349988329577,15.65982,13.898888888888889,9.457528540648724,7.497821560944681
3.1000000000000227,-1583.9518075660453,512.1141854462845,-1583.238415620148,502.1122225766963,-1588.823035445815,505.9088826901607,267.1437813914671,14.422231673229454,15.273606,13.776944444444444,10.027372004323594,7.888893670965816
3.1999999999999886,-1585.3090354572523,512.3813522233557,-1584.6514287015027,501.8068110258098,-1590.2859713516953,505.837115535519,267.2434760478198,14.490653491607098,14.0203085,13.831111111111111,10.59496900343763,8.221734897442454
3.3000000000000114,-1586.6729492001587,512.6819148488461,-1586.0620582747051,501.49976282983056,-1591.67847510608,505.7699171998003,267.2308709763269,14.382548004901874,13.862176,13.785,11.19882634471909,8.534108101920415
3.3999999999999773,-1588.010119536326,512.9490816267082,-1587.466107582516,501.19417525164357,-1593.094121121768,505.7003248439852,267.14234899697925,14.355846126012196,14.484943,13.556111111111111,11.767487960156311,8.85390010198043
3.5,-1589.3606615758927,513.2496442514076,-1588.8752822704537,500.88908305477156,-1594.5323960876137,505.6251828975913,266.8747777066531,14.48064064467994,14.319865,13.724999999999998,12.370087556922696,9.212993476366176
3.6000000000000227,-1590.7045177637153,513.5502068768978,-1590.2968033571137,500.5886071386973,-1595.9857649115781,505.5422809439092,266.60033092278536,14.578176905855452,14.794845,13.724999999999998,12.968010595718658,9.592624728667401
3.6999999999999886,-1592.0283163965428,513.8285056039695,-1591.7268153322434,500.29593846050244,-1597.4216043818576,505.4560362959425,266.52269514154517,14.615007392050737,13.973708,13.415,13.535925398147583,9.959206675553759
3.8000000000000114,-1593.3855442877498,514.1735960255065,-1593.1551062295455,500.0035473944876,-1598.8545646570349,505.3680985570161,266.4556590795149,14.543345309498395,14.739417,13.773055555555555,14.171922237442244,10.365663001817435
3.9010000000000105,-1594.716028772203,514.4852905994153,-1594.5902114491817,499.7025899589731,-1600.3158667590333,505.27694168460954,266.4044452469971,14.492807128585374,14.253508,13.63,14.783236053845007,10.777377937863776
4.000999999999976,-1596.046513256745,514.7858532249057,-1596.0104213157954,499.4003258451534,-1601.7011011279405,505.19133903854856,266.5264852573599,14.54758989813464,13.504045,13.61111111111111,15.385569712601146,11.136833772005486
4.100999999999999,-1597.3435684828185,515.1198116972333,-1597.435342200549,499.093437887935,-1603.0200585962673,505.1103316170239,266.44254694037323,14.604317486372704,12.924818,13.35,16.026636574485277,11.507051380965995
4.201000000000022,-1598.6673671156166,515.3981104243047,-1598.8647177897467,498.7870917354987,-1604.290941090932,505.0241632576024,265.7902344906166,14.632477374044331,12.551601,13.545,16.61219098037472,11.80014254462101
4.300000000000011,-1599.9711081934045,515.6764091505854,-1600.2845616175164,498.4860345616238,-1605.489793055658,504.93173744937627,265.3789940331615,14.688944275753093,11.7396555,13.315,17.1932321440125,12.079066709627522
4.399999999999977,-1601.2681634194928,516.0882912665879,-1601.7241785522258,498.1756972932222,-1606.6411429673326,504.84281568680865,265.7952478713239,14.764931885909386,11.35607,13.428888888888888,17.91839760290915,12.463130836066714
4.5,-1602.5585327938968,516.4222497389155,-1603.1653673181968,497.85723187531113,-1607.7711644144974,504.76486973837757,266.31434763371254,14.75424525713049,11.298293,13.35111111111111,18.574933012418448,12.769731277087542
4.600000000000023,-1603.8555880199851,516.7562082112432,-1604.599355605317,497.5283603135736,-1608.8592980356195,504.6985980411512,266.73031499297764,14.670605971914144,10.504848,13.323888888888888,19.24222765162361,13.054618988483252
4.699999999999989,-1605.1660149494282,517.0679027859429,-1606.020222343591,497.1908407861789,-1609.9288287050754,504.64259179230174,267.2643116580394,14.537537162808947,10.915306,13.481944444444443,19.895408113801157,13.30686845804383
4.800000000000011,-1606.4764418788866,517.4241251566893,-1607.4308438241062,496.8580362639486,-1611.043153650355,504.59324678530277,267.656214789909,14.449606043256775,11.393164,13.478055555555555,20.58822225004272,13.619335379708641
4.899999999999977,-1607.773497104975,517.7246877813888,-1608.8400685719453,496.5375098438925,-1612.2358358481472,504.5434970255551,267.5705575995369,14.45503957947553,12.48123,13.313888888888888,21.214006779702952,13.91604314453253
5.0,-1609.0638664793785,518.1031740505541,-1610.255727328101,496.2342501525161,-1613.4877569201772,504.48857448311367,267.4061187123343,14.501406505883647,12.581301,13.37888888888889,21.90137814706865,14.315310964625942
5.100000000000023,-1610.3676075571223,518.4593964205096,-1611.6798898136517,495.9410528757446,-1614.7293278208879,504.4356326863319,267.7143700061148,14.579194797303384,12.272772,13.43,22.556548510817468,14.686407080405372
5.199999999999989,-1611.6446052281863,518.7933548928372,-1613.110768676411,495.63636945796554,-1615.9723215628183,504.39429084789253,268.4658041544286,14.68063741258109,12.601384,13.233055555555556,23.203353414706438,15.035364114096446
5.300000000000011,-1612.9349746026046,519.0493897222809,-1614.5483629110013,495.30991983727677,-1617.2229203112743,504.36522734393515,268.87460954125453,14.80389801770106,12.417503,13.196944444444442,23.794231491155376,15.297421454419176
5.4010000000000105,-1614.2320298286932,519.3499523469802,-1616.0040251681564,494.9553831839523,-1618.474090966991,504.3418913966521,268.98861095375173,14.864906458638641,12.362474,13.273055555555555,24.45884241195468,15.596056430707765
5.5,-1615.5223992030822,519.7061747177266,-1617.4286125311237,494.58928051861614,-1619.7050953503956,504.32310229266784,269.26088049799785,14.849997904308108,12.509268,13.323055555555555,25.189125103133573,15.941576593780022
5.600000000000023,-1616.799396874146,520.0067373424262,-1618.8632312279983,494.21053268082613,-1620.975329936742,504.30534152809827,269.138840487635,14.825569150640677,12.897922,13.204999999999998,25.87863186459625,16.247222761489905
5.699999999999989,-1618.0630228418256,520.3184319171258,-1620.2930269321748,493.82241186377064,-1622.2798385253166,504.28517563033296,269.09042555394643,14.805434823014966,13.19537,13.006111111111112,26.589697194792866,16.578505411119515
5.800999999999988,-1619.3467063645594,520.6635223386629,-1621.7337292663444,493.4237924605432,-1623.6147587958255,504.26543078716253,269.21455399547256,14.795193111803911,13.241602,13.216111111111111,27.344117505719097,16.94442911659833
5.9010000000000105,-1620.6771908490123,520.9863488625721,-1623.1582520704321,493.03095334561783,-1624.9312246621419,504.2514015058063,269.56635008168297,14.758779719988894,13.0893345,13.561944444444444,28.065277538156977,17.267173095703043
6.000999999999976,-1621.9475026684213,521.3091753848994,-1624.5809764238616,492.64101080608225,-1626.2494708110314,504.2503655153589,270.33812423172395,14.745116773213283,13.276195,13.163055555555555,28.78886667339891,17.592894135564055
6.100999999999999,-1623.2245003394553,521.6208699595991,-1626.0046543036435,492.24121435993675,-1627.5986349191123,504.26121654640104,270.57962594237165,14.83041708597198,13.70802,13.196111111111112,29.51090339551403,17.902251812196965
6.201000000000022,-1624.514869713859,521.9436964835082,-1627.434972728642,491.8233410809361,-1628.9745344915884,504.2685205952211,270.0307323746362,14.972059493564881,13.810675,13.216111111111111,30.26157317778112,18.229110033449427
6.300999999999988,-1625.7784956815535,522.2442591074167,-1628.8744027365071,491.3907106283532,-1630.3741389860324,504.26640666024764,269.7992574254034,15.08891316528211,14.181504,13.043888888888889,31.00848423001091,18.555945569929477
6.4010000000000105,-1627.0488075009175,522.5114258852788,-1630.3157050975394,490.9449873446998,-1631.7988574520293,504.26417380110223,270.0201326554264,15.084370516117383,14.312953,13.003055555555557,31.73503839674628,18.855375444725084
6.5,-1628.3324910236513,522.8787802052346,-1631.7335223337104,490.49116590552444,-1633.2067259553926,504.2608084287838,269.7039029243488,14.99035102646621,14.1290245,13.21888888888889,32.565696276892275,19.245442038013266
6.600000000000023,-1629.5894311396464,523.1904747791435,-1633.155820345952,490.02397626499925,-1634.62362088571,504.2460715909293,269.1060214651297,14.95098215411812,14.210793,13.001111111111111,33.357694099856296,19.601874363361055
6.699999999999989,-1630.8597429590104,523.5021693538432,-1634.5785421509145,489.55073619433773,-1636.034447194062,504.2211949471406,268.8719682058188,15.03634091507109,14.010179,13.066111111111109,34.15449137396244,19.963304786336934
6.800000000000011,-1632.1367406300449,523.813863927752,-1636.0064096595356,489.0612097697954,-1637.4376629230405,504.1948446748417,268.97624652453266,15.153545408629832,14.059095,13.106944444444444,34.96743212505509,20.322541514349098
6.899999999999977,-1633.3803090426998,524.1478224000797,-1637.4361848738702,488.5521908361423,-1638.8553368256348,504.17165266270723,269.14784738417427,15.200350818478167,14.298208,12.953888888888887,35.82595588666753,20.712877313406413
7.0,-1634.6439350103792,524.4372530755696,-1638.8643911579331,488.03392163495454,-1640.3036231406013,504.15102790684006,269.21946710856565,15.186387319456331,14.670461,12.975,36.64716619424619,21.060935433350867
7.100999999999999,-1635.920932681428,524.7600795994788,-1640.3084295721344,487.51285387564616,-1641.7867156699008,504.1324310977344,269.3435955500918,15.213303779564358,14.700034,13.078055555555556,37.504745740880544,21.445449232398325
7.199999999999989,-1637.1845586491077,525.082906122597,-1641.7286433568484,487.0046348632774,-1643.2506174207153,504.1195120227925,269.6433756628711,15.25959604120811,14.874991,13.068888888888889,38.34844779035328,21.823403978397092
7.300000000000011,-1638.448184616787,525.3834687480874,-1643.1655656158227,486.4883905933801,-1644.7191532305892,504.11300967145814,269.85193230029876,15.277291937803913,14.496061,12.963055555555556,39.18010704618926,22.17560544124667
7.399999999999977,-1639.7118105844813,525.6840313735777,-1644.6043074344002,485.9737172776588,-1646.1719370953163,504.1106530108726,269.96194019696384,15.283286605112291,14.559668,12.99,40.010568241690834,22.51985542840857
7.5,-1640.9821224038456,525.9734620490677,-1646.0389970363333,485.45691158287775,-1647.6211390071762,504.1121100444757,270.15416753723025,15.215603799757115,14.424426,13.005,40.830905485036915,22.84721543050665
7.600000000000023,-1642.2390625198107,526.2740246745581,-1647.46692135,484.93163261074454,-1649.0384640385232,504.11958880644886,270.4558298163667,15.214026238667055,13.922567,12.94888888888889,41.67161971301882,23.174358451677453
7.699999999999989,-1643.5561753009683,526.5300595032107,-1648.8938461490552,484.3845011401204,-1650.4275474400285,504.1329653696573,270.648057156633,15.352178256123228,13.860428,13.301111111111108,42.48221768951299,23.427453568424934
7.802000000000021,-1644.7863720102537,526.8640179755383,-1650.348232633571,483.796266165069,-1651.8377261940052,504.1514096282188,270.8511420471172,15.410283651337249,13.792544,12.866111111111111,43.42540200851788,23.78201366082021
7.899999999999977,-1646.1369140497757,527.0977889065632,-1651.7401414225012,483.2093550098159,-1653.1832801817677,504.1715998606417,270.86826775561366,15.41881694417247,13.670833,13.508888888888889,44.24466958741604,23.984607977522064
8.0,-1647.3938541657853,527.3538237360068,-1653.1588097767712,482.59772870654626,-1654.5484900831682,504.1860717429379,270.34573024645425,15.479134448369507,13.635183,12.988055555555555,45.125854623294835,24.24734104025952
8.100000000000023,-1648.6574801334796,527.6655183099156,-1654.5771112405832,481.9785774382352,-1655.9151174132255,504.1916608670256,270.12342262194346,15.472180362314148,13.697643,13.013055555555555,46.06884629179036,24.570211275719224
8.199999999999989,-1649.934477804529,527.8547614441028,-1655.9902964046903,481.3505050771091,-1657.2856179212056,504.1985898177333,270.4557381431192,15.457338120375491,13.712832,12.99611111111111,46.89689541073194,24.77203497961482
8.300000000000011,-1651.2181613272476,528.1664560180116,-1657.4011426426762,480.7267007625941,-1658.6210869242673,504.20719467164724,270.27783474773105,15.395052907121276,12.997134,13.111944444444445,47.840982814328235,25.07687204693593
8.399999999999977,-1652.5152165533214,528.4336227966647,-1658.810834925999,480.12419607489807,-1659.957138112476,504.20329089713533,269.4109496036984,15.266837537652869,13.724768,13.151944444444444,48.71791786273444,25.347409738550482
8.5,-1653.8457010378338,528.600602031642,-1660.2248438894856,479.5462111157976,-1661.3390460410849,504.1803739284802,268.693892923092,15.285723423974632,13.917732,13.498055555555556,49.46743101927022,25.544035702061645
8.600000000000023,-1655.1694996706462,528.8566368610857,-1661.641382669415,478.9567309417344,-1662.7492662158786,504.14788873924334,268.6672503856184,15.403461669126468,14.294154,13.40611111111111,50.317848526242265,25.845214153279354
8.699999999999989,-1656.4799266000896,529.0458799952728,-1663.0463081419396,478.31061748807815,-1664.1784536204411,504.1265587051158,269.6226575089987,15.531644523661454,14.293771,13.34,51.15842284733863,26.081408931366294
8.800999999999988,-1657.7970393812177,529.2685189778792,-1664.4460856794883,477.6022981017183,-1665.6446090608424,504.13756397063554,271.2128904102284,15.537106302478383,14.742623,13.363888888888889,52.09230457851518,26.327727768508094
8.899999999999977,-1659.1475814207547,529.4688940604848,-1665.8059182062766,476.8939172610532,-1667.0742530945276,504.1744452135091,271.753742515309,15.438444971381742,14.149005,13.558055555555555,52.994920834078066,26.507381354937042
9.0,-1660.4780659052524,529.7026649907187,-1667.192614458629,476.1994100967747,-1668.4743175552846,504.2076092477435,270.95188808102324,15.581752449633127,13.860825,13.515,53.92293989131152,26.7196165351986
9.100999999999999,-1661.8219220930894,529.9586998193713,-1668.6173788056096,475.5211288128777,-1669.8547516661824,504.22901555804765,270.8231301405125,15.66629473282732,13.477808,13.59388888888889,54.86007080763541,26.954461655498978
9.201000000000022,-1663.1657782809566,530.1813388011868,-1670.038328469128,474.85741642138976,-1671.216781212711,504.2546323520856,271.32647356353505,15.700008165763297,13.767863,13.666944444444445,55.74915545167249,27.14797884751252
9.300000000000011,-1664.502948617139,530.4151097322116,-1671.453981595706,474.20077811628335,-1672.5642839373018,504.2957167471485,272.1756142046527,15.825953093089286,13.467812,13.573055555555555,56.64245703087636,27.335102287210585
9.399999999999977,-1665.8066896948972,530.58208896798,-1672.8956879538814,473.5410476825521,-1673.9494248573947,504.36034042711174,273.1390427371648,15.88381187622548,14.26612,13.274999999999999,57.479859840136776,27.45695235212931
9.5,-1667.1171166243405,530.7379362553298,-1674.3367067814343,472.86522619046184,-1675.3295473392484,504.44308006009857,273.74179433764255,15.95078660452598,13.3862705,13.256944444444445,58.32129158625242,27.54747684589379
9.600000000000023,-1668.4743445155625,530.8937835426797,-1675.767793937196,472.1403164573539,-1676.6860493708093,504.5351015137183,274.01566816371513,16.139156093102255,13.806201,13.524999999999999,59.20442803551426,27.608191084052844
9.699999999999989,-1669.8182007034145,530.9939710839825,-1677.1970759953874,471.36303420231934,-1678.0577828579644,504.6272341815554,273.6678827820708,16.401929932578927,13.690407,13.48611111111111,60.08574235173752,27.62418377008427
9.800000000000011,-1671.1687427429513,531.2054781165886,-1678.6367314556542,470.5805185114051,-1679.3971390130191,504.7077512683303,273.2032140102196,16.371484820602227,13.145297,13.581944444444446,61.08319394516943,27.745919218908075
9.899999999999977,-1672.4791696724096,531.2722698110541,-1680.0852753009358,469.83076662068726,-1680.7098542108965,504.77728055027876,272.86058524873147,16.251544312774428,13.1459255,13.26388888888889,61.91050926235511,27.743983562219196
10.0,-1673.7962824535523,531.3724573531478,-1681.5383206045885,469.1038605847653,-1682.0052999464,504.83914888469707,272.60447311430795,16.243235954435033,12.792584,13.248055555555556,62.74804617066184,27.774168331020068
10.100000000000023,-1675.1133952346656,531.48377684366,-1682.9936425693877,468.3697316224575,-1683.2905464457072,504.88809463191865,271.76193867656787,16.35769877824852,12.931674,13.271944444444445,63.60409579767954,27.824379853577618
10.199999999999989,-1676.4037646090692,531.5394365889161,-1684.4518773874618,467.6117116785847,-1684.5721504268047,504.91374495649734,270.5203391345198,16.512379817061724,12.707044,12.955000000000002,64.4323376225381,27.850493384714735
10.300000000000011,-1677.7141915385273,531.6284921818005,-1685.9214884368084,466.8355610070135,-1685.8497749127202,504.9166705580402,269.7462731532979,16.727204026356816,12.846096,13.095,65.31067028133478,27.92327221688093
10.40100000000001,-1679.0313043196552,531.6396241310099,-1687.4144586891207,466.0318590911018,-1687.1464286802563,504.90811109012407,269.49714823918606,16.848727702320218,12.830836,13.191944444444445,66.14118316687474,27.93615995163028
10.5,-1680.328359545714,531.7064158254755,-1688.8752487720167,465.22662084904726,-1688.393789403146,504.8983060862044,269.6040707581244,16.84904313567585,12.36916,13.025,67.02695320208592,27.99510504673908
10.600000000000023,-1681.6120430684775,531.7620755707316,-1690.3492420586404,464.40513480920424,-1689.6524707328715,504.89012033356414,269.64990738173486,16.900016935031047,12.805001,12.878055555555555,67.92124936237262,28.04907227155082
10.699999999999989,-1682.875669036157,531.8177353159876,-1691.828458921771,463.5876987957651,-1690.9212203112297,504.88173929703964,269.5926116022218,16.901408741025772,12.570547,12.708055555555555,68.81489904291698,28.1118974253359
10.800000000000011,-1684.152666707206,531.8733950612437,-1693.3117206725829,462.7808828803637,-1692.1753998678892,504.8719737610819,269.51497582098153,16.868585254940314,12.51381,12.773055555555555,69.69694045656337,28.16808476975953
10.899999999999977,-1685.4096068232154,531.8511311628249,-1694.800114297515,461.98128266999396,-1693.409217375558,504.86385518888727,269.734132177619,16.923139025985353,12.163119,12.59388888888889,70.49806634962428,28.147945457575098
11.000999999999976,-1686.713347900974,531.8845270096622,-1696.3091630825095,461.17045030213376,-1694.6306005172573,504.8593251480252,269.84147868532574,16.999592755128166,12.022862,12.943055555555555,71.3621770519678,28.16104445243946
11.100000000000023,-1687.9970314237078,531.8177353159876,-1697.785096146801,460.36135398994674,-1695.811066673737,504.8542250208667,269.66195095458835,17.004054641633694,11.825191,12.921944444444444,72.12364829399597,28.072941319423478
11.199999999999989,-1689.2673432430722,531.8511311628249,-1699.2668137348421,459.5218457967296,-1697.0269349342002,504.8423786248357,269.23337852383065,17.0575252104468,12.493499,12.72,73.01722352764328,28.1013162836078
11.300000000000011,-1690.5175975073823,531.828867265197,-1700.7372222272809,458.6562229312484,-1698.2873698381618,504.8146095086821,268.2513288629762,17.069225859046398,12.722242,12.56111111111111,73.88285733671987,28.10941984829234
11.399999999999977,-1691.8012810301009,531.8399992144065,-1702.204220167759,457.78193303188027,-1699.5775347764404,504.76412938478074,267.28159779471764,17.086211826160046,13.101725,12.743055555555555,74.78514765244,28.17042508302451
11.500999999999976,-1693.07827870115,531.8399992144065,-1703.6984495554143,456.9087858720306,-1700.904746958876,504.69599437544326,266.84266342223486,17.18447270287935,13.214507,12.76388888888889,75.68008167235558,28.24978945208001
11.600000000000023,-1694.3485905205291,531.7954714175688,-1705.178181261129,456.06901563449554,-1702.2451456315305,504.62641855466137,267.2054058671213,17.188338100403946,13.900845,12.739999999999998,76.49690282014457,28.293338722896266
11.699999999999989,-1695.6055306365388,531.7175477738939,-1706.6790457419577,455.23272452136416,-1703.6605585999182,504.56194161653417,267.57123941931223,17.174324701032507,14.436915,12.641111111111112,77.2822807942458,28.32508466473592
11.800000000000011,-1696.8624707525632,531.6841519270566,-1708.180613966698,454.395392189672,-1705.127440898707,504.498505658638,267.4778472987059,17.21078693028525,14.928161,12.57388888888889,78.11307667451611,28.414241051772436
11.899999999999977,-1698.132782571898,531.6062282833817,-1709.6868585889115,453.5509232032187,-1706.6198368960245,504.4326110010695,267.4658151850082,17.32558417118097,14.94884,12.67388888888889,78.90581299095935,28.468150050648735
12.0,-1699.3629792811832,531.5283046404977,-1711.1965051052816,452.69516656007096,-1708.1268973282251,504.3725855136977,267.9680126924405,17.381186086501422,15.216557,12.453888888888889,79.71634708789179,28.53487937295196
12.100000000000023,-1700.5998618421236,531.4169851491945,-1712.6930505980636,451.82647148144605,-1709.649008488189,504.326190908193,268.53982457198117,17.227472369576663,15.240184,12.45611111111111,80.50400660950264,28.562181072710104
12.199999999999989,-1701.8634878098178,531.3390615055196,-1714.173914964014,450.9503322701819,-1711.1517456120228,504.2842408101458,268.2582158156745,17.18526377426282,14.826358,12.57611111111111,81.32585323740052,28.604808264678987
12.300000000000011,-1703.0201401506154,531.1720822689603,-1715.6618327464348,450.06737421408667,-1712.6554200964956,504.22603387583746,267.3220027784305,17.41829468262637,15.270659,12.10111111111111,82.08401830047961,28.616920582760084
12.399999999999977,-1704.2035358981218,531.0273669316108,-1717.1690317255404,449.17526464616407,-1714.1896680423147,504.1472817237131,266.80433541053,17.610315640440902,15.455009,11.993888888888888,82.87261749575697,28.675107950714384
12.5,-1705.4003033489982,530.8269918482142,-1718.6914716799104,448.2714857141391,-1715.7500753906922,504.0624226623397,266.9682013399374,17.799564667082365,15.799284,12.148055555555555,83.6185789681573,28.695991793637205
12.600000000000023,-1706.6171283548845,530.6934084592832,-1720.2276760788518,447.3545361844336,-1717.283808650879,503.9814397653017,266.98739542607433,17.981558334826246,14.918112,12.161111111111111,84.4429667964721,28.762950822980763
12.699999999999989,-1707.820581657475,530.5152972735144,-1721.7805674819733,446.4302616341324,-1718.768854173194,503.900556027538,266.7768334363638,18.161309708323,14.82687,12.226111111111111,85.23599253071636,28.778622668027857
12.800000000000011,-1708.997291553312,530.3037902416994,-1723.349934397261,445.4978616294396,-1720.2411127133284,503.81816090595476,266.81694048202297,18.34779307188738,14.664379,12.083055555555555,86.01188222794374,28.77346130706024
12.899999999999977,-1710.1539438940797,530.081151259884,-1724.9248058133921,444.5551888142484,-1721.6766159647902,503.73943371979766,266.9066083769609,18.361158426229867,14.088839,11.856944444444444,86.79209995207894,28.751661771292888
13.0,-1711.3172820865618,529.813984482022,-1726.5032469255327,443.6044863436936,-1723.0742428798444,503.6650687187087,267.0025788076453,18.491590001854995,13.90325,11.931944444444444,87.53679853269081,28.670401509076157
13.100000000000023,-1712.493991982384,529.5913455002064,-1728.0929413397891,442.6431404344379,-1724.4609585469968,503.5948484118948,267.1999627680679,18.66386324035104,13.86664,11.931944444444444,88.33638879427794,28.61863290971737
13.199999999999989,-1713.657330174866,529.2796509255068,-1729.6876312567977,441.6781079557985,-1725.795848019463,503.5280793657336,267.0681824751879,18.615226733298307,12.864543,11.971944444444443,89.05616701526637,28.46905430922696
13.300000000000011,-1714.827354219033,529.0013521992262,-1731.275070695507,440.72521938656075,-1727.055512386602,503.4617339674402,266.89858696782915,18.41441389169715,12.363691,12.03888888888889,89.79533953190347,28.316072319381824
13.399999999999977,-1716.0441792249337,528.7564493197829,-1732.852529587876,439.786826609257,-1728.304832488875,503.39181689897003,266.6974787817383,18.29505557440895,12.661847,12.203888888888887,90.54343933812511,28.172472314327404
13.5,-1717.1874598623617,528.467018642711,-1734.4253612810458,438.84425199803377,-1729.5504852459703,503.31562353991245,266.2961218462491,18.378174460453945,12.297923,11.910000000000002,91.26546743630108,28.025650255664505
13.600000000000023,-1718.417656571662,528.2777755085239,-1736.0001526967287,437.88586280787496,-1730.6903280501492,503.2366668374259,265.7360556015086,18.49184623300623,10.553832,12.08611111111111,92.08605785714641,27.88683540125357
13.701000000000022,-1719.621109874208,528.0662684759178,-1737.6075488484446,436.90961700030425,-1731.749615720415,503.1594333069082,265.9244183414468,18.7485888314661,10.47787,12.15111111111111,92.91419210874308,27.702907648795442
13.800999999999988,-1720.8847358418727,527.8102336472651,-1739.2224972919619,435.94218658609367,-1732.812437232339,503.0933315895884,266.9414184278037,18.90249358908834,10.820471,12.59611111111111,93.68036915936013,27.444403943043085
13.90100000000001,-1721.8608701872852,527.4206154296814,-1740.8472057541032,434.9694958879323,-1733.8798168985284,503.0431237927969,267.68167989911285,18.970079467634523,10.551172,11.635,94.38056178461017,27.179352062808253
14.0,-1723.077695193216,527.1311847526096,-1742.4534081847821,434.0018889207817,-1734.9504590351087,503.0020238940571,267.9156615386994,18.911534138847472,11.093938,12.173055555555555,95.12351967869803,26.891986259539372
14.100999999999999,-1724.1541173138255,526.6859067905606,-1744.0831778032612,433.033566090517,-1736.049185294786,502.9605864182101,267.76173069745954,18.628440703990574,10.678505,12.07611111111111,95.74929958275737,26.54022360573362
14.199999999999989,-1725.170366769332,526.3296844198142,-1745.6699695629081,432.1120774589773,-1737.113061235908,502.9201280548235,267.881699465393,18.441551686757176,10.829486,11.366944444444444,96.42194343675679,26.279940645436305
14.300000000000011,-1726.166558669769,525.9066703546022,-1747.2624529868235,431.1947580160173,-1738.2022400995193,502.87834836205735,267.7258549451174,18.314283427399438,10.970132,11.225,97.03289697761328,25.98386501794444
14.399999999999977,-1727.2095515319847,525.5727118822746,-1748.8499436671236,430.27481181850027,-1739.3101809994828,502.83353087689983,267.64220310702837,18.38147721712253,11.206814,11.080000000000002,97.72408264254874,25.758408070082233
14.5,-1728.3394604660577,525.1385658686442,-1750.4373140627179,429.34974892556744,-1740.4569022297644,502.7894065798242,267.94357890726724,18.363515012377906,11.744662,11.760000000000002,98.30469258857221,25.422771599766037
14.600000000000023,-1729.375767476559,524.6932879050133,-1752.0166321459228,428.4193290289751,-1741.624560696596,502.74644454224074,267.84159241973396,18.297096531830903,11.624318,11.613055555555556,98.90037366280042,25.133580503726478
14.699999999999989,-1730.472247152238,524.3704613811041,-1753.5882494952657,427.4756171533368,-1742.7948321339918,502.7032499766798,267.9301143990816,18.366881702744728,11.797055,11.368055555555555,99.61405725220784,24.926174007989246
14.800000000000011,-1731.548669272848,523.9029195206364,-1755.1597602075185,426.51548299842597,-1743.9716721442105,502.66981660707273,268.8170530659443,18.46548472048791,11.749947,11.821944444444444,100.20876412516444,24.60031828411711
14.899999999999977,-1732.4512592497872,523.4799054554244,-1756.7327794213963,425.53640111322153,-1745.1573319223023,502.6544532462143,269.6902407457234,18.59151961974106,11.965928,10.68611111111111,100.90848460201636,24.395568090891604
15.0,-1733.4474511502244,523.0568913902124,-1758.3072879969618,424.55760058664765,-1746.3569335757584,502.64737543902413,269.63380440290297,18.4878993306301,12.0265255,10.843888888888888,101.58800016169043,24.149597881889843
15.100000000000023,-1734.450328902376,522.5336897844886,-1759.8754417736518,423.598259333245,-1747.5598894361287,502.6366663720017,269.34617958974724,18.27871679313513,12.033621,11.31111111111111,102.15016281479917,23.827549560648926
15.199999999999989,-1735.5334368746555,522.0772798716483,-1761.426454085375,422.65995795391456,-1748.752686666349,502.6195037553545,269.0021184337713,17.976333999791503,11.824901,11.573055555555554,102.73389040413552,23.523469481498754
15.300000000000011,-1736.5964872919255,521.6208699595991,-1762.9709943532623,421.73039539125466,-1749.9452594732377,502.59109201627285,268.2747485128525,18.077468429536673,12.033804,11.516944444444446,103.31370447437051,23.2448309806907
15.399999999999977,-1737.639480154156,521.1088003022937,-1764.525983810633,420.789730439322,-1751.2128498205366,502.54919371296677,267.95532454206716,18.27004540750498,13.331946,11.63,103.85951981903997,22.99337645607555
15.5,-1738.669101313002,520.6635223386629,-1766.0939528316553,419.837520521908,-1752.5293468248994,502.49793648879546,267.58089662294907,18.41908457818763,13.018084,11.298055555555555,104.4892584104818,22.84939637975094
15.600000000000023,-1739.5182044764335,520.084660986892,-1767.672435065229,418.874832839781,-1753.8257783760023,502.43554773077665,266.9068117769775,18.558680624052517,12.941003,10.936944444444446,105.05279631506629,22.719988327875694
15.699999999999989,-1740.3539359365552,519.4390079406556,-1769.243752596056,417.92633731744525,-1755.088229715613,502.36405848637264,266.604003582251,18.15007647146108,12.348562,11.011944444444444,105.54356353504451,22.553343699635697
15.800000000000011,-1741.129494731558,518.7933548928372,-1770.7917871909258,417.0186997931583,-1756.3329203826509,502.29403313155456,266.95264840058815,17.740521554435144,12.584731,10.696111111111112,106.00911288471225,22.435948166071427
15.899999999999977,-1741.9852837467042,518.2033615918568,-1772.315066458957,416.1470722414059,-1757.6025093914445,502.23497571075706,267.7132498736241,17.36033089655085,12.835066,10.636111111111111,106.46775058840791,22.335780364393827
16.0,-1743.2689672694378,517.836007272692,-1773.8266618192094,415.29070462555023,-1758.889109993399,502.18798634973444,268.102288216518,17.38609990677102,12.91425,11.673055555555557,107.00145695826313,22.109939337823477
16.100000000000023,-1744.2785308732298,517.2571459201301,-1775.3437372957899,414.42826920488534,-1760.1915071234669,502.1471156322688,268.3011045714284,17.515578440645182,13.146554,11.721944444444444,107.41892261885373,21.943924636233508
16.19999999999999,-1745.294780328736,516.7673401604526,-1776.8684283916284,413.5546205766721,-1761.514175515204,502.1049701838668,268.0504355360588,17.629598933866347,13.320303,11.153055555555556,107.93405734928851,21.86444313366131
16.300999999999988,-1746.3778883010305,516.3220621976127,-1778.41667129989,412.65442763770676,-1762.8671908180263,502.05007512445974,267.3076902927079,17.834523728150298,13.494685,11.418055555555554,108.50558543823543,21.807950672019842
16.401999999999987,-1747.2938499813094,515.7209369474231,-1779.9763470291964,411.7366811825509,-1764.2184868653087,501.98215192502454,266.9344369370699,18.000224842872477,13.297577,11.26611111111111,108.99940853169566,21.79902629813796
16.5,-1748.2164975132441,515.086415849605,-1781.5079507462776,410.8299881416472,-1765.5130853857038,501.92208138975025,267.7567516942197,18.323498129297015,13.151909,11.188888888888888,109.44278677369235,21.736413084974235
16.600000000000023,-1749.299605485583,514.585478141509,-1783.0862211890376,409.89683917693213,-1766.8420783975178,501.88189224527855,268.76802220262584,18.346488425398263,13.441137,11.621111111111112,110.00566589475496,21.659165507675276
16.69999999999999,-1750.2957973860052,514.0177487373657,-1784.6660528990262,408.96521841372066,-1768.169016247998,501.8539260729231,268.8178695308022,18.334780238560807,13.103516,11.42388888888889,110.53211565617795,21.61967932927535
16.800999999999988,-1751.2585600280631,513.4054915395485,-1786.2651216215154,408.0171341577304,-1769.4895864893617,501.8249481142765,268.6677001574874,18.47715541016431,13.052708,11.526944444444444,111.05028242302663,21.598132138154465
16.90100000000001,-1752.147778301633,512.7709704417305,-1787.8552831357779,407.07614005749133,-1770.7802075442369,501.7947977811875,268.65566804378966,18.477413928397542,12.766756,11.173055555555555,111.56353827050108,21.625073080909793
17.000999999999976,-1753.1038550919911,512.1809771407501,-1789.4501073722483,406.1429261155815,-1772.0496330669403,501.76895164376714,269.0134801868487,18.478652632732622,12.62714,11.215,112.09423856753908,21.618343554164607
17.100000000000023,-1753.9462724037676,511.4017407047917,-1791.0343742570635,405.227970966914,-1773.2948023864699,501.7555671103209,269.7576836077886,18.48096950322563,12.529779,11.671111111111113,112.46509093684284,21.619765898505825
17.201000000000022,-1754.92240674918,510.8451432506487,-1792.6508608950642,404.29585015409884,-1774.5680351953904,501.75783834919514,270.4425601138313,18.469215107962484,12.683242,11.05111111111111,113.03180132870821,21.645549829434486
17.30000000000001,-1755.8517401328286,510.17722630599343,-1794.2294787942071,403.37378855121545,-1775.8093748563367,501.76861437224704,270.55345323028985,18.46385138872161,12.395284,11.543055555555556,113.48931729902952,21.65668345821492
17.399999999999977,-1756.69415744462,509.4425176668726,-1795.8261843973578,402.4317154561485,-1777.0407228590936,501.7751052659983,270.04724501829196,18.6143101649853,12.232259,11.293055555555556,113.94133281304251,21.743319366889107
17.5,-1757.7104069000968,508.8747882635202,-1797.4365042520515,401.4774913642107,-1778.2687451813115,501.775193255691,269.96130134902234,18.821905054633074,12.328195,11.396111111111113,114.50913584555342,21.74970165680554
17.600000000000023,-1758.6196827287208,508.2068713188649,-1799.0625651343946,400.51519891052135,-1779.5013525824509,501.77918255225956,270.4096408237123,18.967441331691244,12.324271,11.331111111111111,115.03531215842004,21.84855415720964
17.69999999999999,-1759.5557019640246,507.59461411946575,-1800.704882045878,399.5473230556578,-1780.7649046179379,501.7905893212845,270.6196298556277,19.158610266558462,12.947842,11.103055555555555,115.61778465113422,21.989019556875775
17.800999999999988,-1760.505092902713,506.9489610724383,-1802.3623548746525,398.564624189385,-1782.0462809261967,501.80782948609806,270.928359569167,18.99786151332075,12.428335,11.396111111111113,116.18603556954154,22.146196410470697
17.90100000000001,-1761.347510214534,506.2476482809458,-1803.9850090648472,397.5938061121061,-1783.2720611106274,501.83236369759663,271.37096946590566,18.82010598412183,12.092361,11.088888888888889,116.72023700396426,22.36471931295705
18.0,-1762.2634718947686,505.5574674378717,-1805.577371298743,396.65211672916007,-1784.4908393024853,501.86642475336475,271.8224831267805,18.55372801819335,12.539225,11.438888888888888,117.20268467302738,22.531747779000124
18.100000000000023,-1763.1393184649392,504.8784185440071,-1807.170199859399,395.7310757818974,-1785.7355794397397,501.90915938696935,272.11211329221925,18.24555872140993,12.370325,11.12888888888889,117.69392910597576,22.790513596295863
18.201000000000022,-1764.0485942935632,504.2105015993518,-1808.7586992150725,394.82596395027645,-1786.9837550587345,501.9549681512354,272.09156989047483,17.957849192526734,12.362664,11.203055555555556,118.16924540164568,23.04580288164908
18.300999999999988,-1764.9311267154333,503.52032075627767,-1810.3166337359319,393.9516953375393,-1788.2397816150983,501.99925773096516,271.94976283618,17.772008978358127,12.773499,11.24388888888889,118.59649203774758,23.35823250930284
18.40100000000001,-1765.94069031927,502.94145940450676,-1811.8847286254475,393.0859578340019,-1789.5101115472726,502.0382933672888,271.5684594235204,18.052281861796107,12.645233,11.236111111111112,119.07596684968254,23.586719269830628
18.500999999999976,-1766.7897934827308,502.1622229693393,-1813.4796600570983,392.2122663074737,-1790.7693916384449,502.0692911142083,271.25046784722286,18.31882654271384,12.548095,11.528888888888888,119.4526542638478,23.979778231652222
18.601,-1767.745870273089,501.5277018707303,-1815.0930159472869,391.3255983701319,-1792.0249876137811,502.09371910543285,270.9788858523308,18.50023562253663,12.568647,11.315,119.9427189096959,24.285714203067645
18.701000000000022,-1768.574915881511,500.7929932316096,-1816.7088414655725,390.44029054036554,-1793.2898897939876,502.1141283701117,270.87059682905107,18.349159424581092,12.7327,11.171944444444444,120.39349560252029,24.750259262249816
18.80000000000001,-1769.4039614899475,500.0582845924888,-1818.295768412578,389.5803253126829,-1794.5693056188416,502.1417271789643,271.5901258225432,18.114702330497618,13.120606,11.181111111111111,120.81303021938581,25.251441110099076
18.899999999999977,-1770.2731222084628,499.36810374941473,-1819.8725270391292,388.7128882543175,-1795.8952946308943,502.1849876801458,272.1410247425613,17.87872914674047,13.41359,11.131944444444445,121.26284540543628,25.776550481474832
19.0,-1771.0486810034508,498.61113121266607,-1821.4163189065334,387.83689253041996,-1797.2054356765545,502.2293165380994,271.7250573832962,17.62196705947083,12.804398,10.956944444444444,121.68743116512597,26.405815270089914
19.101,-1771.9445851286612,497.89868647117316,-1822.953144217447,386.95202911741586,-1798.4890809860744,502.26557002602664,271.50891764945004,17.49414396753497,12.624502,11.278888888888888,122.11074431959781,26.901299825582402
19.19999999999999,-1772.7803165887678,497.20850562809903,-1824.4501793672769,386.0984940957549,-1799.7467502875686,502.30589732367383,272.15981202866345,17.31973873340651,12.796427,11.01,122.53656345053746,27.443978365571052
19.30000000000001,-1773.6026763455343,496.4960608873971,-1825.9594015654022,385.26364830844636,-1801.0351872319006,502.36037039946586,272.6780523543594,17.176018550763217,12.995596,10.966111111111111,122.93850610725134,28.052322178100482
19.40100000000001,-1774.4918946190894,495.7836161459042,-1827.4802358179024,384.4343823003362,-1802.355428839058,502.4263005478585,273.0371278693569,17.125600102622844,13.180509,11.273055555555555,123.31429836396431,28.644402512381546
19.5,-1775.2941968207867,495.08230335441164,-1828.9660097182941,383.6255275513887,-1803.6626286202325,502.50020604909116,273.43333677905673,17.04977724222935,13.269898,10.851944444444444,123.70641200887833,29.322230528176686
19.600000000000023,-1776.1834150943419,494.4255183581748,-1830.4658976886271,382.8211223400138,-1804.9913365829855,502.5802594496064,273.46227114771085,16.990065258866657,13.352449,10.99611111111111,124.10531466128838,29.939875463403936
19.69999999999999,-1776.9656597409999,493.64628192300734,-1831.9682264824771,382.0266459044586,-1806.3279815034455,502.66140117500686,273.48547593841363,16.9993128239955,13.429662,11.028055555555556,124.43562790882669,30.715115406085648
19.80000000000001,-1777.7545902393426,492.87817743704926,-1833.4735934755063,381.23951471371055,-1807.6742726817643,502.74049783474794,273.2402500020976,16.975548505965527,13.542654,11.043055555555556,124.77098355101234,31.503218265475926
19.899999999999977,-1778.4766622208822,492.08780905188144,-1834.9822731739127,380.4577006673207,-1809.0317909834966,502.81468247366763,273.01650998309907,17.008858575232793,13.648273,10.75,125.11660628039759,32.38335540222743
20.0,-1779.1853624990524,491.2529128706668,-1836.497222243927,379.68300600600776,-1810.4040028500172,502.88996229480097,273.2620223983127,17.022199055461332,13.837295,10.891944444444444,125.42923656470552,33.317029049160794
20.100000000000023,-1779.8940627772224,490.42914863866173,-1838.0226491870494,378.9193002922846,-1811.8125978880687,502.9750970098665,273.6479094733334,17.096534578160213,14.386174,10.821111111111112,125.75125779186762,34.29568054661202
20.19999999999999,-1780.6763074238952,489.70557194875033,-1839.560475016225,378.15686016908364,-1813.2404138970564,503.0643978780547,273.5089672080142,17.23259731866172,14.225965,10.751944444444444,126.13667306832191,35.19771669589999
20.30000000000001,-1781.4719237738782,488.95973136042016,-1841.1104687329484,377.39127302421235,-1814.653355439952,503.1387097201428,272.5068640243302,17.342605251109642,14.073005,10.833055555555555,126.50801136826546,36.0839415077651
20.40100000000001,-1782.247482568896,488.19162687367117,-1842.6918238330456,376.62139770595644,-1816.068315319903,503.19172757965845,271.7820580895448,17.48549582139668,13.966226,10.901944444444444,126.8914277143786,36.997996556048065
20.500999999999976,-1783.0698423256333,487.45691823455036,-1844.268048523612,375.86759954521244,-1817.4795765729568,503.23685685798813,271.8800338725122,17.458581037277067,14.2734375,10.973888888888888,127.26899263921644,37.85546557540789
20.601,-1783.818657713897,486.7333415446389,-1845.8376723085619,375.12257897799833,-1818.9083406631632,503.28717605697693,272.1536212196872,17.290660541742994,14.319642,10.536111111111111,127.68445673612851,38.79839283452217
20.701000000000022,-1784.634331618964,486.00976485472756,-1847.3928529335828,374.3861043182346,-1820.3376057506034,503.3414246471485,272.19372826534635,17.124358662607715,14.286244,10.83611111111111,128.05652497691665,39.687658218635235
20.800999999999988,-1785.403204562267,485.2082645211413,-1848.9438159752835,373.65458853516606,-1821.7765708999736,503.39359827341826,271.9611074005233,17.172015141766742,14.512029,11.066944444444445,128.38080824143424,40.6660563912793
20.899999999999977,-1786.1185906921075,484.40676418676395,-1850.4838799199522,372.92860376089675,-1823.2210164678227,503.4438354919406,272.02236804797866,17.223972847707493,14.686337,10.80111111111111,128.72556354244279,41.70131991101516
21.0,-1786.800547563568,483.5718680063404,-1852.0416668601008,372.19074070233955,-1824.7930360589694,503.50012657952357,272.0756531229258,17.25006097026337,16.774208,10.823055555555555,129.08198622028743,42.90180266414053
21.100000000000023,-1787.4891902866987,482.7369718251258,-1853.6064318145282,371.4422633838994,-1826.4505817459487,503.55635339799886,271.8069359170094,17.441295566126335,16.395864,10.798888888888888,129.45270083805488,44.17506846081635
21.19999999999999,-1788.331607598475,482.0356590328424,-1855.1863218298647,370.6805360686847,-1828.0899202985884,503.60481227161176,271.57947167234255,17.63737216663044,16.405293,10.821944444444446,129.8827017940551,45.23219871062542
21.30000000000001,-1789.000192766566,481.1673670055815,-1856.7776316320744,369.9174200540353,-1829.685399099012,503.64817343027204,271.53277561203936,17.659294454024035,15.516068,10.913055555555555,130.27022651354216,46.48303638767717
21.399999999999977,-1789.722264748091,480.3547347227858,-1858.3640984390759,369.1661371147716,-1831.2301681956503,503.69172995875596,271.69807393593453,17.448067038912534,15.391624,10.883055555555556,130.66983420245748,47.61849845654105
21.5,-1790.4109074712364,479.49757464315235,-1859.932003869194,368.4310430225171,-1832.7480183759826,503.7380539009926,271.7994874656727,17.18544081598429,14.979526,10.876111111111111,131.03036781834842,48.785569530451944
21.600000000000023,-1791.1463511561158,478.7183382071939,-1861.477328879631,367.7144210508987,-1834.2236546069837,503.78453450343187,271.80894126929235,16.88269235027387,14.547836,10.834999999999999,131.4089648828695,49.839424849808346
21.69999999999999,-1791.8283080275912,477.86117812835147,-1863.010950507992,367.0068666725901,-1835.6789268344746,503.8297156318426,271.7476347852134,16.89676496121245,14.571636,10.876111111111111,131.7408325418642,50.96314069812438
21.80000000000001,-1792.5303224540323,477.0374138963464,-1864.5464327051202,366.2934128993437,-1837.115015207783,503.87748338700186,272.0670587559989,16.966106647063267,14.166127,10.818888888888889,132.10054463370307,52.040216738687434
21.899999999999977,-1793.178850067099,476.1691218682945,-1866.0823959032741,365.57263614536214,-1838.5379251178945,503.936092321006,272.6471785235687,16.967415724620196,14.316566,10.834999999999999,132.46323886176904,53.183177204690026
22.0,-1793.8541210868746,475.3564895854988,-1867.6226859989326,364.84885127991913,-1839.9430699617556,504.00155005026335,272.68785852702297,17.069985726797746,13.816809,10.62888888888889,132.86737482565593,54.26537291331748
22.100000000000023,-1794.4692194415172,474.47706560902856,-1869.170260982384,364.12680058641774,-1841.3253254392562,504.0636399691539,272.45638357779006,17.08468100078267,13.856234,10.62111111111111,133.25699455507296,55.415341302193326
22.19999999999999,-1795.157862164648,473.6533013770234,-1870.7212530576626,363.40969654834544,-1842.7086987204689,504.1229046515492,272.44979456314604,17.09030780350142,13.83661,10.733055555555556,133.6543244675317,56.47547061216395
22.30000000000001,-1795.7595888158912,472.7738773997621,-1872.2654615145118,362.7002281171186,-1844.0956925011094,504.1814951685762,272.38820160016945,16.897490575046906,13.928009,10.626944444444444,134.0498296297908,57.64388409345859
22.399999999999977,-1796.3479437638098,471.8944534217099,-1873.7883490229422,361.99828148658656,-1845.479270491516,504.23719072744154,272.22118440288887,16.64009770049406,13.765991,10.575,134.44026544414754,58.82125400271728
22.5,-1797.0098430802607,471.05955724128637,-1875.2897401358216,361.30251351445304,-1846.834423164068,504.2893712744135,272.1885258085664,16.455330941192976,13.357148,10.604999999999999,134.81228034078802,59.88914193077031
22.600000000000023,-1797.5915121764795,470.2023971616529,-1876.7816983830812,360.61407362165664,-1848.1560691300474,504.3368160453072,271.9206680393427,16.407403741013137,13.09287,10.446111111111112,135.2060880572438,61.00764683574831
22.69999999999999,-1798.1865529760678,469.3341051336011,-1878.275855088816,359.9340893907903,-1849.4541973169646,504.3732633888513,271.29070094359656,16.42497859814233,12.880318,10.446944444444444,135.5826676143905,62.09761643977293
22.80000000000001,-1798.7682220723016,468.4658131055492,-1879.7777014970102,359.26180204410394,-1850.7405888371356,504.40081007540533,271.1626448763848,16.48419655452021,12.853427,10.52111111111111,135.970775494481,63.185844256146474
22.899999999999977,-1799.3231477618406,467.586389128288,-1881.2869822408045,358.59438035738435,-1852.030492143446,504.43316490522943,271.70896013404183,16.52118501024753,12.953047,10.326944444444445,136.37202109821402,64.30978958850167
23.0,-1799.918188561429,466.77375684549224,-1882.80396458245,357.931698475849,-1853.3299726786986,504.4765907818763,272.1174790419702,16.58714618910547,13.051237,10.261111111111111,136.8087918839564,65.37830197721854
23.101,-1800.4396849924997,465.88320091981257,-1884.3460376102887,357.2631382476878,-1854.6641199735627,504.52563919147775,272.0937528596739,16.695276141357777,13.385369,10.323055555555554,137.253757779221,66.5847383759596
23.201000000000022,-1801.021354088763,465.0371727893886,-1885.8748127313427,356.6016967042953,-1855.9744284273893,504.5695034933547,271.7333624065365,16.619344545364626,12.835609,10.296111111111111,137.6893674813303,67.69524023263621
23.300999999999988,-1801.5227929648386,464.1243529644991,-1887.3949714984053,355.954014710778,-1857.2565232995448,504.60512572499226,271.4494618190493,16.42873323351903,12.816262,10.291944444444445,138.1117414415777,68.88353693233559
23.40100000000001,-1802.0509752476537,463.2894567832845,-1888.9016141847055,355.3262073442891,-1858.5281663729095,504.63896010613456,271.5998632402712,16.215653805048532,12.625622,10.01611111111111,138.56080511169412,69.99610376617444
23.500999999999976,-1802.5457282720001,462.42116475602364,-1890.4063692202126,354.7059613335198,-1859.7899528965736,504.6777059618439,271.9178548165687,16.33580803606693,12.622101,9.99,139.00380309970694,71.15136349746088
23.600000000000023,-1803.0003661863122,461.4526851858781,-1891.9062010314249,354.0899784275709,-1861.0421758347322,504.72474376897844,272.3832655687647,16.419705644263033,12.693382,10.305,139.39511566757537,72.39698005637172
23.69999999999999,-1803.5151767657278,460.6066570554541,-1893.4186028084232,353.47504221691236,-1862.332211799099,504.7865375891068,273.08943605126325,16.23319150409533,13.13741,10.131944444444445,139.85638674057063,73.56157593529818
23.80000000000001,-1803.902956163222,459.60478163847125,-1894.9324591971201,352.86958270410423,-1863.6610921937217,504.86286958126993,273.4804797464401,16.37577682608616,13.484162,10.331944444444444,140.2810504457298,74.96218610791591
23.899999999999977,-1804.3241648191101,458.6919618135817,-1896.464889397207,352.26442560134313,-1865.0139387694808,504.94401793729804,273.3853687524484,16.576095567835644,13.62141,10.02111111111111,140.77192045995548,76.30531670741227
24.000999999999976,-1804.758745178368,457.81253783711145,-1898.029608395927,351.65138891127634,-1866.3829179929257,505.0197806539178,272.94845978577143,16.70161801082194,13.528769,9.983888888888888,141.31398892750127,77.62771701810766
24.100000000000023,-1805.22006894435,456.8774541138031,-1899.5749025216278,351.048442841559,-1867.7234123960895,505.0804210960489,272.23318500390775,16.808645225460452,13.58015,10.228888888888887,141.7836882234926,78.93157776541393
24.19999999999999,-1805.5811049351198,455.9312384420763,-1901.1409440058967,350.4397123078432,-1869.0913924539934,505.1287689305744,271.8183635602332,16.79517205780149,13.796713,10.078055555555554,142.3381358925371,80.33650245621035
24.30000000000001,-1805.9621984809144,455.0184186179778,-1902.711528323252,349.83470163345226,-1870.5113979770417,505.17725814459493,272.08536189276424,16.866588490691154,14.620028,9.955,142.9127256181975,81.7466105612201
24.399999999999977,-1806.390092988502,454.10559879308823,-1904.2912993341013,349.2303114509672,-1871.9676689011608,505.23800198812563,272.6935565922954,16.962180756550403,14.531128,10.166944444444445,143.4694117190702,83.1561249643128
24.5,-1806.7043280175376,453.12598727452416,-1905.880873612661,348.6343069854145,-1873.4204026829166,505.30381599551833,272.4944537584874,16.991245371405814,14.553392,10.184999999999999,144.0642163961026,84.69687378406495
24.600000000000023,-1807.058678156608,452.168639653588,-1907.4865441235563,348.05808454271306,-1874.8840834437856,505.35858662981855,271.79601820622275,17.128438904555296,14.741255,10.173055555555557,144.6539454981089,86.1942925123474
24.701000000000022,-1807.3261122238207,451.14450033818633,-1909.1245824974903,347.48262002511353,-1876.3746233956388,505.40875557798586,272.05903161728855,17.251424849000227,14.79118,10.403888888888888,145.28838212362692,87.81973748409177
24.800999999999988,-1807.6202896977873,450.16488881883123,-1910.744566398527,346.90846993542107,-1877.851258982247,505.4667601272614,272.44033502994796,17.123019116165594,14.764472,10.226111111111111,145.93321926716,89.39063718784473
24.90100000000001,-1807.9545822818477,449.19640924947663,-1912.3548066386943,346.33710325694767,-1879.3225962079655,505.5266794165609,272.22318402559335,17.049131968902838,14.686717,10.336944444444445,146.5586697368143,90.92025488776
25.000999999999976,-1808.2220163490604,448.1834018832843,-1913.959265615955,345.77231360517015,-1880.8004770137056,505.58058065021476,271.9561856930625,16.970151401287037,14.890632,10.431944444444444,147.20189158036357,92.53144915569209
25.101,-1808.556308933106,447.1815264655105,-1915.5590449519098,345.2103984334883,-1882.3121660739826,505.6319859205443,271.93928343810614,16.94175188340825,15.360625,10.508888888888889,147.80966297110908,94.10835602160914
25.201000000000022,-1808.8170571486635,446.1573871508997,-1917.1638708702244,344.6459489363948,-1883.8852896760466,505.68809066462217,272.14096458199225,17.082177773229883,16.121899,10.64388888888889,148.47088647944372,95.8078503861974
25.300999999999988,-1809.1179204743003,445.1221158862886,-1918.786764863772,344.07279648834333,-1885.493786208718,505.7438497689338,271.8292755414412,17.340448736592766,16.067474,10.738055555555555,149.12484830004067,97.51034553123088
25.399999999999977,-1809.3652969864881,444.075712672468,-1920.410183482066,343.4958245442816,-1887.0604749770002,505.78184160608106,270.93560748527494,17.465623692209004,15.593071,10.709999999999999,149.82416598364318,99.21787656944203
25.5,-1809.5324432785185,443.018177510229,-1922.0607095013092,342.9037541547363,-1888.642237522079,505.79751601756624,270.2102429166392,17.604578738922758,16.044367,10.731944444444444,150.61709220042093,100.99309327215069
25.600000000000023,-1809.8132490491155,441.9606423479901,-1923.7257897434679,342.29934279482234,-1890.2411439002635,505.79379474661295,269.52068821019907,17.823170978546084,15.934426,10.906944444444445,151.35534862061772,102.68065842861127
25.701000000000022,-1809.9937670444856,440.8697113381228,-1925.4148000944963,341.6846516214563,-1891.821489562595,505.77970425755484,269.456453911787,17.768668287665523,15.360796,11.016944444444444,152.18308362406893,104.44655740282406
25.800999999999988,-1810.1742850398705,439.7565164298367,-1927.087027822912,341.0785801460443,-1893.4083719483685,505.77875100196263,270.44308723500194,17.804743852810763,16.378033,11.183055555555555,152.9899491283065,106.23958151926347
25.90100000000001,-1810.3414313319008,438.6655854199695,-1928.764860613128,340.47169994048625,-1895.0462498302177,505.8022347913927,271.19967800347234,17.879574783228342,16.383606,11.066944444444445,153.83805689192664,108.08439279403028
26.000999999999976,-1810.3481171835856,437.4855988180089,-1930.446058670461,339.8584452413475,-1896.7045771079215,505.8408422643541,271.4643845048227,17.911673157835615,16.792015,11.193055555555556,154.77266123209873,110.1357229842913
26.101,-1810.374860590295,436.30561221525727,-1932.1283051460853,339.2288611718213,-1898.390465760162,505.88751114655014,271.7058862154704,18.01284453988069,16.93875,11.434999999999999,155.7170409889334,112.19798310265023
26.19999999999999,-1810.3414313319008,435.0810978164589,-1933.8004079217537,338.58898481389934,-1900.087282432704,505.94500805152427,272.16987889712317,18.155997212541187,17.36033,11.660000000000002,156.6934803120812,114.35038943357786
26.30000000000001,-1810.4350332554282,433.91224316291675,-1935.4937715743413,337.9350889267548,-1901.821800773351,506.0116358216405,272.22975298671435,18.148629557478916,17.355625,11.713055555555556,157.64295786742395,116.40388180439562
26.399999999999977,-1810.5553785856648,432.7433885101655,-1937.1866114720988,337.27704479001414,-1903.5980017081617,506.07347639329794,271.76909491942934,18.176197911241744,18.190205,11.92388888888889,158.58528281537463,118.46616186263032
26.5,-1810.6757239159465,431.57453385662336,-1938.8831996085976,336.61170250322624,-1905.3827031852863,506.1281304040103,271.7384416773898,18.27159445228688,17.52056,11.978055555555557,159.54653290540494,120.53070430588926
26.600000000000023,-1810.6957814709856,430.3166236109878,-1940.5771795872347,335.93365092917645,-1907.1601440997974,506.18151760788334,271.70291829409166,18.221739800360805,18.044292,12.466944444444444,160.55317844529625,122.72267679016421
26.69999999999999,-1810.856241911346,429.18116480428284,-1942.2627925553354,335.2420002891943,-1908.9682162972326,506.22350692397094,270.9595055549097,18.218419905004534,18.127663,11.788888888888888,161.53095115780206,124.74566925221875
26.80000000000001,-1810.869613614686,427.90099066022844,-1943.9427344114117,334.54299009780806,-1910.7627739765655,506.2384998046087,269.98805561326515,18.172932508481146,17.766033,12.508055555555556,162.55513448548115,126.94648016400475
26.899999999999977,-1810.9565296865433,426.6764762614302,-1945.6207398625536,333.84003700164175,-1912.5474529052074,506.23740168867636,269.9416460318596,18.213046891542916,17.927555,12.483888888888888,163.56360828975704,129.03742300302005
27.0,-1811.1370476819284,425.50762160867896,-1947.3007657604737,333.13938372886895,-1914.3196692540928,506.24382104122697,270.47965340148755,18.1925820458918,17.517395,12.148888888888887,164.53707633841907,131.01521779288333
27.100000000000023,-1811.07687501681,424.17178771857743,-1948.9775213927455,332.4497536456525,-1916.0814854200182,506.26942168939513,271.1812402216254,18.068232861098593,17.723309,12.76611111111111,165.61859740190908,133.28912074710342
27.19999999999999,-1811.0969325718345,422.8582177276857,-1950.6446042472073,331.76852116696506,-1917.8721908830712,506.315067822514,271.73328505723373,17.94977898629956,18.10285,12.993888888888888,166.64598851920144,135.5212220103625
27.30000000000001,-1811.07687501681,421.5780435836313,-1952.304534443033,331.0844739480202,-1919.7335791966757,506.37624076816155,272.02320170157,17.95741250290592,19.145134,12.801944444444445,167.7329363375137,137.82965431639641
27.399999999999977,-1811.07687501681,420.2644735919487,-1953.9566777892671,330.38790976868796,-1921.6013953713375,506.4413387497593,271.9676247954423,17.902686478754894,18.233875,13.07611111111111,168.79702238183268,140.15035386336297
27.5,-1811.0969325718345,418.96203554947544,-1955.5990958401255,329.6870987496519,-1923.4856132532445,506.4907051447947,271.0634973947257,17.811041019306668,19.464586,13.01388888888889,169.85549602479256,142.4516884646669
27.600000000000023,-1811.230649605441,417.7152572530493,-1957.2327184169487,328.99584910111554,-1925.4627150377617,506.5176110728532,270.50457706557546,17.666065211586346,20.081581,12.888055555555555,170.84419065355914,144.68871005324377
27.69999999999999,-1811.183848643692,416.3126316684823,-1958.8583610000617,328.3152588617832,-1927.4260549760045,506.5397852099851,270.79621258329695,17.58120917364198,19.187849,13.739999999999998,171.9049133113209,147.15022857340662
27.80000000000001,-1811.3175656772985,415.0658533720561,-1960.4865348986434,327.6382736477107,-1929.3015109945798,506.5726400729349,271.220774309489,17.68498364684862,18.327284,13.09888888888889,172.9015993998185,149.31076104873134
27.899999999999977,-1811.4646544142893,413.819075074839,-1962.126990439189,326.95757735937474,-1931.1155473257604,506.6099897750576,271.13740895029747,17.836513041897756,17.961142,12.96,173.9081921067936,151.4149597147375
28.000999999999976,-1811.5181412277375,412.5055050839473,-1963.8013660873758,326.2663185059715,-1932.8790723809636,506.637071293938,270.6070419728677,18.033958730273326,16.964638,13.078888888888889,175.00679379750395,153.58784902303944
28.101,-1811.5582563378018,411.20306704147407,-1965.469048878158,325.5856980693535,-1934.5449220909798,506.6469001403133,270.05900784182495,17.990626019196636,16.353317,13.166944444444445,176.1217361091719,155.67673310319364
28.19999999999999,-1811.611743151265,409.8561012029541,-1967.1167299075441,324.9239710168649,-1936.168557378477,506.6522436910611,270.3173802947502,17.8801672607049,16.447657,13.423055555555555,177.18709784862253,157.74629368390916
28.30000000000001,-1811.5649421895012,408.5202673136436,-1968.7748674965183,324.2681963390097,-1937.8115000294638,506.67421783531023,271.2160645964131,17.781984719263328,16.415146,13.158055555555555,178.36303450702067,159.91369975536432
28.40100000000001,-1811.6652299647433,407.21782927117033,-1970.4411950136946,323.6076767297439,-1939.5094832545844,506.71600672931146,271.5945261384088,17.712519892231132,17.218649,13.40611111111111,179.44487923935418,162.00012474294212
28.500999999999976,-1811.611743151265,405.8152036873944,-1972.0796639797877,322.9440150872678,-1941.2562227388705,506.7592882713324,271.2493190668426,17.643368822675956,17.727022,13.703055555555556,180.60339840386936,164.30885338298205
28.601,-1811.6719158163833,404.47936979808384,-1973.7080814948424,322.2797417968711,-1943.0188258874389,506.79267720333064,270.9192953768472,17.530591025291983,17.531511,13.3,181.6934171380868,166.49331415229412
28.69999999999999,-1811.584999744526,403.1324039587729,-1975.3109279960584,321.6310809573191,-1944.7361187323513,506.8255886545396,271.2803361370819,17.40125784200753,17.167816,13.388055555555557,182.8897078373008,168.76462022610195
28.80000000000001,-1811.5248270794223,401.74091032420625,-1976.9136240373462,320.9791073308695,-1946.4476036975068,506.86223504782953,271.1726200715973,17.203483240377786,17.069744,13.75111111111111,184.05413057555626,171.03990342017556
28.899999999999977,-1811.5448846344468,400.4273403333146,-1978.496968581779,320.3317386752096,-1948.1753340534333,506.8925703593007,270.8431693393972,17.008018041902904,17.490332,13.356944444444444,185.17101214642332,173.21294672431492
29.0,-1811.5716280411712,399.0581105955849,-1980.0673265167823,319.69306099365394,-1949.9104565465573,506.926919219999,271.4295916427137,16.897367751783026,17.219372,13.72388888888889,186.2514738279969,175.4232349100116
29.101,-1811.6184290029498,397.73340865548374,-1981.6383845238036,319.06041125855774,-1951.593010104577,506.97426503440374,271.8066064662767,16.64044465464682,16.111889,13.463888888888889,187.33986707246754,177.5568868193397
29.19999999999999,-1811.6652299647433,396.3975747661732,-1983.1602869875064,318.4513296111969,-1953.1833962143614,507.01517523138955,271.1386952405479,16.475883397095252,16.028297,13.483055555555556,188.37773678702175,179.62083651775146
29.30000000000001,-1811.6451724096742,395.07287282528114,-1984.6866413911375,317.8434421845275,-1954.8183924500313,507.03266390110787,270.1073712093122,16.383168021993328,16.674822,13.37,189.49336385308519,181.7513844636879
29.399999999999977,-1811.6719158163833,393.70364308834246,-1986.204392736853,317.2511673499354,-1956.5041468615239,507.0244055418975,269.33960776383714,16.20168157456154,17.041428,13.62,190.54282076878675,183.89662953020112
29.500999999999976,-1811.5448846344468,392.3010175045664,-1987.7320958817993,316.6714488414965,-1958.271049522834,507.0042590187025,269.35349626079113,16.154995839109457,17.949018,13.456944444444444,191.7335783405745,186.240170416332
29.601,-1811.4579685626043,390.9317877676276,-1989.2412908653052,316.1065277967069,-1960.0604222977074,506.9950973090109,270.06195857447057,16.074218604418,17.83959,13.491111111111111,192.88786695565358,188.55604227335814
29.69999999999999,-1811.4579685626043,389.5514260822704,-1990.731531925938,315.55100472868924,-1961.9790570554683,507.0002785242817,270.23382872427595,16.05542077711232,20.920893,13.881944444444445,193.94605662785412,190.92100728055556
29.800999999999988,-1811.4913978210134,388.17106439691315,-1992.2485350119366,314.9827427461739,-1964.112356311856,506.99763037737006,269.6296791067782,16.022793842795068,21.323277,13.741111111111111,195.0119818665261,193.42417055107512
29.90100000000001,-1811.5783138928707,386.8352305068117,-1993.7419243780002,314.4137883312334,-1966.28107037384,506.9789819407221,269.3890368328232,15.9393348003101,22.052704,13.739999999999998,196.03174812200353,195.87614421216117
30.000999999999976,-1811.712030926492,385.4993966175012,-1995.2259223201654,313.8426028643763,-1968.4358969438665,506.96301188181354,269.7706267243802,15.863200410736319,21.04525,13.613055555555555,197.00772681655627,198.2820718383507
